Geoid,Geographic Area Name,Total_Population_25_over_Bachelor's_degree_or_higher
19001960100,"Census Tract 9601, Adair County, Iowa",383
19001960200,"Census Tract 9602, Adair County, Iowa",273
19001960300,"Census Tract 9603, Adair County, Iowa",339
19003950100,"Census Tract 9501, Adams County, Iowa",199
19003950200,"Census Tract 9502, Adams County, Iowa",260
19005960100,"Census Tract 9601, Allamakee County, Iowa",359
19005960200,"Census Tract 9602, Allamakee County, Iowa",328
19005960300,"Census Tract 9603, Allamakee County, Iowa",571
19005960400,"Census Tract 9604, Allamakee County, Iowa",245
19005960500,"Census Tract 9605, Allamakee County, Iowa",252
19007950100,"Census Tract 9501, Appanoose County, Iowa",262
19007950200,"Census Tract 9502, Appanoose County, Iowa",298
19007950300,"Census Tract 9503, Appanoose County, Iowa",471
19007950400,"Census Tract 9504, Appanoose County, Iowa",450
19007950500,"Census Tract 9505, Appanoose County, Iowa",148
19009070100,"Census Tract 701, Audubon County, Iowa",245
19009070200,"Census Tract 702, Audubon County, Iowa",279
19009070300,"Census Tract 703, Audubon County, Iowa",230
19011960100,"Census Tract 9601, Benton County, Iowa",472
19011960200,"Census Tract 9602, Benton County, Iowa",434
19011960300,"Census Tract 9603, Benton County, Iowa",698
19011960400,"Census Tract 9604, Benton County, Iowa",452
19011960500,"Census Tract 9605, Benton County, Iowa",1089
19011960600,"Census Tract 9606, Benton County, Iowa",246
19011960700,"Census Tract 9607, Benton County, Iowa",240
19013000100,"Census Tract 1, Black Hawk County, Iowa",73
19013000200,"Census Tract 2, Black Hawk County, Iowa",239
19013000300,"Census Tract 3, Black Hawk County, Iowa",212
19013000400,"Census Tract 4, Black Hawk County, Iowa",192
19013000500,"Census Tract 5, Black Hawk County, Iowa",86
19013000700,"Census Tract 7, Black Hawk County, Iowa",147
19013000800,"Census Tract 8, Black Hawk County, Iowa",129
19013000900,"Census Tract 9, Black Hawk County, Iowa",421
19013001000,"Census Tract 10, Black Hawk County, Iowa",382
19013001100,"Census Tract 11, Black Hawk County, Iowa",297
19013001200,"Census Tract 12, Black Hawk County, Iowa",469
19013001301,"Census Tract 13.01, Black Hawk County, Iowa",809
19013001302,"Census Tract 13.02, Black Hawk County, Iowa",1038
19013001400,"Census Tract 14, Black Hawk County, Iowa",1225
19013001501,"Census Tract 15.01, Black Hawk County, Iowa",734
19013001502,"Census Tract 15.02, Black Hawk County, Iowa",546
19013001503,"Census Tract 15.03, Black Hawk County, Iowa",754
19013001600,"Census Tract 16, Black Hawk County, Iowa",284
19013001701,"Census Tract 17.01, Black Hawk County, Iowa",64
19013001702,"Census Tract 17.02, Black Hawk County, Iowa",302
19013001800,"Census Tract 18, Black Hawk County, Iowa",167
19013001900,"Census Tract 19, Black Hawk County, Iowa",118
19013002000,"Census Tract 20, Black Hawk County, Iowa",367
19013002200,"Census Tract 22, Black Hawk County, Iowa",1094
19013002301,"Census Tract 23.01, Black Hawk County, Iowa",438
19013002303,"Census Tract 23.03, Black Hawk County, Iowa",73
19013002304,"Census Tract 23.04, Black Hawk County, Iowa",553
19013002400,"Census Tract 24, Black Hawk County, Iowa",1254
19013002500,"Census Tract 25, Black Hawk County, Iowa",1689
19013002601,"Census Tract 26.01, Black Hawk County, Iowa",1454
19013002604,"Census Tract 26.04, Black Hawk County, Iowa",623
19013002605,"Census Tract 26.05, Black Hawk County, Iowa",2245
19013002606,"Census Tract 26.06, Black Hawk County, Iowa",2021
19013002700,"Census Tract 27, Black Hawk County, Iowa",506
19013002800,"Census Tract 28, Black Hawk County, Iowa",439
19013002901,"Census Tract 29.01, Black Hawk County, Iowa",167
19013002902,"Census Tract 29.02, Black Hawk County, Iowa",523
19013003001,"Census Tract 30.01, Black Hawk County, Iowa",1382
19013003002,"Census Tract 30.02, Black Hawk County, Iowa",946
19015020100,"Census Tract 201, Boone County, Iowa",737
19015020200,"Census Tract 202, Boone County, Iowa",341
19015020300,"Census Tract 203, Boone County, Iowa",1223
19015020400,"Census Tract 204, Boone County, Iowa",211
19015020500,"Census Tract 205, Boone County, Iowa",1124
19015020600,"Census Tract 206, Boone County, Iowa",500
19015020700,"Census Tract 207, Boone County, Iowa",609
19017004000,"Census Tract 40, Bremer County, Iowa",427
19017004100,"Census Tract 41, Bremer County, Iowa",909
19017004200,"Census Tract 42, Bremer County, Iowa",1268
19017004300,"Census Tract 43, Bremer County, Iowa",325
19017004400,"Census Tract 44, Bremer County, Iowa",549
19017004500,"Census Tract 45, Bremer County, Iowa",331
19017004600,"Census Tract 46, Bremer County, Iowa",1264
19017004700,"Census Tract 47, Bremer County, Iowa",378
19019950100,"Census Tract 9501, Buchanan County, Iowa",283
19019950200,"Census Tract 9502, Buchanan County, Iowa",400
19019950300,"Census Tract 9503, Buchanan County, Iowa",381
19019950400,"Census Tract 9504, Buchanan County, Iowa",564
19019950500,"Census Tract 9505, Buchanan County, Iowa",723
19019950600,"Census Tract 9506, Buchanan County, Iowa",750
19021960100,"Census Tract 9601, Buena Vista County, Iowa",222
19021960200,"Census Tract 9602, Buena Vista County, Iowa",238
19021960300,"Census Tract 9603, Buena Vista County, Iowa",245
19021960400,"Census Tract 9604, Buena Vista County, Iowa",542
19021960500,"Census Tract 9605, Buena Vista County, Iowa",647
19021960600,"Census Tract 9606, Buena Vista County, Iowa",699
19023070100,"Census Tract 701, Butler County, Iowa",345
19023070200,"Census Tract 702, Butler County, Iowa",163
19023070300,"Census Tract 703, Butler County, Iowa",425
19023070400,"Census Tract 704, Butler County, Iowa",514
19023070500,"Census Tract 705, Butler County, Iowa",420
19025950100,"Census Tract 9501, Calhoun County, Iowa",433
19025950200,"Census Tract 9502, Calhoun County, Iowa",369
19025950300,"Census Tract 9503, Calhoun County, Iowa",176
19025950400,"Census Tract 9504, Calhoun County, Iowa",389
19027960100,"Census Tract 9601, Carroll County, Iowa",407
19027960200,"Census Tract 9602, Carroll County, Iowa",312
19027960300,"Census Tract 9603, Carroll County, Iowa",1274
19027960400,"Census Tract 9604, Carroll County, Iowa",565
19027960500,"Census Tract 9605, Carroll County, Iowa",242
19027960600,"Census Tract 9606, Carroll County, Iowa",427
19029190100,"Census Tract 1901, Cass County, Iowa",303
19029190200,"Census Tract 1902, Cass County, Iowa",340
19029190300,"Census Tract 1903, Cass County, Iowa",116
19029190400,"Census Tract 1904, Cass County, Iowa",996
19029190500,"Census Tract 1905, Cass County, Iowa",387
19031450100,"Census Tract 4501, Cedar County, Iowa",404
19031450200,"Census Tract 4502, Cedar County, Iowa",388
19031450300,"Census Tract 4503, Cedar County, Iowa",507
19031450400,"Census Tract 4504, Cedar County, Iowa",578
19031450500,"Census Tract 4505, Cedar County, Iowa",874
19033950102,"Census Tract 9501.02, Cerro Gordo County, Iowa",501
19033950201,"Census Tract 9502.01, Cerro Gordo County, Iowa",420
19033950202,"Census Tract 9502.02, Cerro Gordo County, Iowa",607
19033950300,"Census Tract 9503, Cerro Gordo County, Iowa",451
19033950402,"Census Tract 9504.02, Cerro Gordo County, Iowa",368
19033950600,"Census Tract 9506, Cerro Gordo County, Iowa",341
19033950700,"Census Tract 9507, Cerro Gordo County, Iowa",846
19033950800,"Census Tract 9508, Cerro Gordo County, Iowa",1166
19033950900,"Census Tract 9509, Cerro Gordo County, Iowa",447
19033951000,"Census Tract 9510, Cerro Gordo County, Iowa",326
19033951400,"Census Tract 9514, Cerro Gordo County, Iowa",983
19033951600,"Census Tract 9516, Cerro Gordo County, Iowa",628
19035080101,"Census Tract 801.01, Cherokee County, Iowa",293
19035080102,"Census Tract 801.02, Cherokee County, Iowa",547
19035080200,"Census Tract 802, Cherokee County, Iowa",445
19035080300,"Census Tract 803, Cherokee County, Iowa",205
19035080400,"Census Tract 804, Cherokee County, Iowa",370
19037070100,"Census Tract 701, Chickasaw County, Iowa",260
19037070200,"Census Tract 702, Chickasaw County, Iowa",316
19037070300,"Census Tract 703, Chickasaw County, Iowa",338
19037070400,"Census Tract 704, Chickasaw County, Iowa",548
19039960100,"Census Tract 9601, Clarke County, Iowa",525
19039960200,"Census Tract 9602, Clarke County, Iowa",282
19039960300,"Census Tract 9603, Clarke County, Iowa",212
19041080100,"Census Tract 801, Clay County, Iowa",317
19041080200,"Census Tract 802, Clay County, Iowa",774
19041080301,"Census Tract 803.01, Clay County, Iowa",824
19041080302,"Census Tract 803.02, Clay County, Iowa",382
19041080400,"Census Tract 804, Clay County, Iowa",385
19043070100,"Census Tract 701, Clayton County, Iowa",383
19043070200,"Census Tract 702, Clayton County, Iowa",472
19043070300,"Census Tract 703, Clayton County, Iowa",470
19043070400,"Census Tract 704, Clayton County, Iowa",285
19043070500,"Census Tract 705, Clayton County, Iowa",151
19043070600,"Census Tract 706, Clayton County, Iowa",402
19045000100,"Census Tract 1, Clinton County, Iowa",129
19045000200,"Census Tract 2, Clinton County, Iowa",48
19045000300,"Census Tract 3, Clinton County, Iowa",415
19045000400,"Census Tract 4, Clinton County, Iowa",843
19045000500,"Census Tract 5, Clinton County, Iowa",1175
19045000600,"Census Tract 6, Clinton County, Iowa",283
19045000700,"Census Tract 7, Clinton County, Iowa",554
19045000800,"Census Tract 8, Clinton County, Iowa",566
19045000900,"Census Tract 9, Clinton County, Iowa",1173
19045001000,"Census Tract 10, Clinton County, Iowa",469
19045001100,"Census Tract 11, Clinton County, Iowa",251
19045001200,"Census Tract 12, Clinton County, Iowa",403
19047070100,"Census Tract 701, Crawford County, Iowa",294
19047070200,"Census Tract 702, Crawford County, Iowa",261
19047070300,"Census Tract 703, Crawford County, Iowa",176
19047070401,"Census Tract 704.01, Crawford County, Iowa",501
19047070402,"Census Tract 704.02, Crawford County, Iowa",188
19047070500,"Census Tract 705, Crawford County, Iowa",238
19049050100,"Census Tract 501, Dallas County, Iowa",2009
19049050200,"Census Tract 502, Dallas County, Iowa",891
19049050300,"Census Tract 503, Dallas County, Iowa",276
19049050400,"Census Tract 504, Dallas County, Iowa",174
19049050500,"Census Tract 505, Dallas County, Iowa",343
19049050600,"Census Tract 506, Dallas County, Iowa",703
19049050700,"Census Tract 507, Dallas County, Iowa",1383
19049050803,"Census Tract 508.03, Dallas County, Iowa",4438
19049050805,"Census Tract 508.05, Dallas County, Iowa",2343
19049050807,"Census Tract 508.07, Dallas County, Iowa",2781
19049050812,"Census Tract 508.12, Dallas County, Iowa",1290
19049050813,"Census Tract 508.13, Dallas County, Iowa",840
19049050814,"Census Tract 508.14, Dallas County, Iowa",1852
19049050815,"Census Tract 508.15, Dallas County, Iowa",1825
19049050816,"Census Tract 508.16, Dallas County, Iowa",2264
19049050817,"Census Tract 508.17, Dallas County, Iowa",2948
19049050818,"Census Tract 508.18, Dallas County, Iowa",1334
19049050901,"Census Tract 509.01, Dallas County, Iowa",739
19049050902,"Census Tract 509.02, Dallas County, Iowa",1429
19051080100,"Census Tract 801, Davis County, Iowa",571
19051080200,"Census Tract 802, Davis County, Iowa",477
19053960100,"Census Tract 9601, Decatur County, Iowa",247
19053960200,"Census Tract 9602, Decatur County, Iowa",804
19053960300,"Census Tract 9603, Decatur County, Iowa",231
19055950100,"Census Tract 9501, Delaware County, Iowa",319
19055950200,"Census Tract 9502, Delaware County, Iowa",479
19055950300,"Census Tract 9503, Delaware County, Iowa",669
19055950400,"Census Tract 9504, Delaware County, Iowa",586
19057000200,"Census Tract 2, Des Moines County, Iowa",238
19057000300,"Census Tract 3, Des Moines County, Iowa",297
19057000400,"Census Tract 4, Des Moines County, Iowa",217
19057000500,"Census Tract 5, Des Moines County, Iowa",434
19057000600,"Census Tract 6, Des Moines County, Iowa",649
19057000700,"Census Tract 7, Des Moines County, Iowa",761
19057000800,"Census Tract 8, Des Moines County, Iowa",400
19057000900,"Census Tract 9, Des Moines County, Iowa",573
19057001000,"Census Tract 10, Des Moines County, Iowa",873
19057001100,"Census Tract 11, Des Moines County, Iowa",523
19057001200,"Census Tract 12, Des Moines County, Iowa",471
19059450200,"Census Tract 4502, Dickinson County, Iowa",415
19059450501,"Census Tract 4505.01, Dickinson County, Iowa",555
19059450502,"Census Tract 4505.02, Dickinson County, Iowa",602
19059450800,"Census Tract 4508, Dickinson County, Iowa",605
19059451000,"Census Tract 4510, Dickinson County, Iowa",725
19059451100,"Census Tract 4511, Dickinson County, Iowa",1236
19061000100,"Census Tract 1, Dubuque County, Iowa",353
19061000300,"Census Tract 3, Dubuque County, Iowa",195
19061000400,"Census Tract 4, Dubuque County, Iowa",543
19061000500,"Census Tract 5, Dubuque County, Iowa",147
19061000600,"Census Tract 6, Dubuque County, Iowa",639
19061000701,"Census Tract 7.01, Dubuque County, Iowa",400
19061000702,"Census Tract 7.02, Dubuque County, Iowa",864
19061000801,"Census Tract 8.01, Dubuque County, Iowa",1483
19061000802,"Census Tract 8.02, Dubuque County, Iowa",1137
19061000900,"Census Tract 9, Dubuque County, Iowa",738
19061001101,"Census Tract 11.01, Dubuque County, Iowa",838
19061001103,"Census Tract 11.03, Dubuque County, Iowa",1004
19061001104,"Census Tract 11.04, Dubuque County, Iowa",1220
19061001201,"Census Tract 12.01, Dubuque County, Iowa",883
19061001202,"Census Tract 12.02, Dubuque County, Iowa",372
19061001204,"Census Tract 12.04, Dubuque County, Iowa",787
19061001205,"Census Tract 12.05, Dubuque County, Iowa",986
19061010101,"Census Tract 101.01, Dubuque County, Iowa",380
19061010103,"Census Tract 101.03, Dubuque County, Iowa",426
19061010104,"Census Tract 101.04, Dubuque County, Iowa",1720
19061010105,"Census Tract 101.05, Dubuque County, Iowa",843
19061010201,"Census Tract 102.01, Dubuque County, Iowa",1629
19061010202,"Census Tract 102.02, Dubuque County, Iowa",621
19061010300,"Census Tract 103, Dubuque County, Iowa",444
19061010400,"Census Tract 104, Dubuque County, Iowa",489
19061010500,"Census Tract 105, Dubuque County, Iowa",727
19061010600,"Census Tract 106, Dubuque County, Iowa",587
19063070100,"Census Tract 701, Emmet County, Iowa",152
19063070200,"Census Tract 702, Emmet County, Iowa",225
19063070300,"Census Tract 703, Emmet County, Iowa",350
19063070400,"Census Tract 704, Emmet County, Iowa",476
19065080100,"Census Tract 801, Fayette County, Iowa",457
19065080200,"Census Tract 802, Fayette County, Iowa",412
19065080300,"Census Tract 803, Fayette County, Iowa",279
19065080400,"Census Tract 804, Fayette County, Iowa",257
19065080500,"Census Tract 805, Fayette County, Iowa",424
19065080600,"Census Tract 806, Fayette County, Iowa",340
19065080700,"Census Tract 807, Fayette County, Iowa",320
19067480100,"Census Tract 4801, Floyd County, Iowa",297
19067480200,"Census Tract 4802, Floyd County, Iowa",358
19067480300,"Census Tract 4803, Floyd County, Iowa",283
19067480400,"Census Tract 4804, Floyd County, Iowa",351
19067480500,"Census Tract 4805, Floyd County, Iowa",844
19069360100,"Census Tract 3601, Franklin County, Iowa",391
19069360200,"Census Tract 3602, Franklin County, Iowa",641
19069360300,"Census Tract 3603, Franklin County, Iowa",290
19071970100,"Census Tract 9701, Fremont County, Iowa",309
19071970200,"Census Tract 9702, Fremont County, Iowa",440
19071970300,"Census Tract 9703, Fremont County, Iowa",192
19073080100,"Census Tract 801, Greene County, Iowa",153
19073080200,"Census Tract 802, Greene County, Iowa",274
19073080300,"Census Tract 803, Greene County, Iowa",568
19073080500,"Census Tract 805, Greene County, Iowa",251
19075960100,"Census Tract 9601, Grundy County, Iowa",967
19075960200,"Census Tract 9602, Grundy County, Iowa",405
19075960300,"Census Tract 9603, Grundy County, Iowa",576
19075960400,"Census Tract 9604, Grundy County, Iowa",398
19077950100,"Census Tract 9501, Guthrie County, Iowa",659
19077950200,"Census Tract 9502, Guthrie County, Iowa",186
19077950300,"Census Tract 9503, Guthrie County, Iowa",677
19079960100,"Census Tract 9601, Hamilton County, Iowa",342
19079960200,"Census Tract 9602, Hamilton County, Iowa",659
19079960300,"Census Tract 9603, Hamilton County, Iowa",459
19079960400,"Census Tract 9604, Hamilton County, Iowa",831
19079960500,"Census Tract 9605, Hamilton County, Iowa",235
19081270100,"Census Tract 2701, Hancock County, Iowa",744
19081270200,"Census Tract 2702, Hancock County, Iowa",300
19081270300,"Census Tract 2703, Hancock County, Iowa",334
19081270400,"Census Tract 2704, Hancock County, Iowa",311
19083480100,"Census Tract 4801, Hardin County, Iowa",376
19083480200,"Census Tract 4802, Hardin County, Iowa",355
19083480300,"Census Tract 4803, Hardin County, Iowa",493
19083480400,"Census Tract 4804, Hardin County, Iowa",453
19083480500,"Census Tract 4805, Hardin County, Iowa",521
19083480600,"Census Tract 4806, Hardin County, Iowa",392
19085290100,"Census Tract 2901, Harrison County, Iowa",267
19085290200,"Census Tract 2902, Harrison County, Iowa",393
19085290300,"Census Tract 2903, Harrison County, Iowa",450
19085290400,"Census Tract 2904, Harrison County, Iowa",372
19085290500,"Census Tract 2905, Harrison County, Iowa",406
19087970100,"Census Tract 9701, Henry County, Iowa",645
19087970200,"Census Tract 9702, Henry County, Iowa",421
19087970300,"Census Tract 9703, Henry County, Iowa",668
19087970400,"Census Tract 9704, Henry County, Iowa",857
19087970500,"Census Tract 9705, Henry County, Iowa",469
19089960100,"Census Tract 9601, Howard County, Iowa",610
19089960200,"Census Tract 9602, Howard County, Iowa",274
19089960300,"Census Tract 9603, Howard County, Iowa",278
19091970100,"Census Tract 9701, Humboldt County, Iowa",201
19091970200,"Census Tract 9702, Humboldt County, Iowa",234
19091970300,"Census Tract 9703, Humboldt County, Iowa",325
19091970400,"Census Tract 9704, Humboldt County, Iowa",576
19093090100,"Census Tract 901, Ida County, Iowa",329
19093090200,"Census Tract 902, Ida County, Iowa",219
19093090300,"Census Tract 903, Ida County, Iowa",280
19095960100,"Census Tract 9601, Iowa County, Iowa",857
19095960200,"Census Tract 9602, Iowa County, Iowa",319
19095960300,"Census Tract 9603, Iowa County, Iowa",340
19095960400,"Census Tract 9604, Iowa County, Iowa",956
19097950100,"Census Tract 9501, Jackson County, Iowa",247
19097950200,"Census Tract 9502, Jackson County, Iowa",629
19097950300,"Census Tract 9503, Jackson County, Iowa",493
19097950400,"Census Tract 9504, Jackson County, Iowa",673
19097950500,"Census Tract 9505, Jackson County, Iowa",512
19097950600,"Census Tract 9506, Jackson County, Iowa",119
19099040100,"Census Tract 401, Jasper County, Iowa",565
19099040200,"Census Tract 402, Jasper County, Iowa",645
19099040300,"Census Tract 403, Jasper County, Iowa",349
19099040400,"Census Tract 404, Jasper County, Iowa",631
19099040500,"Census Tract 405, Jasper County, Iowa",158
19099040600,"Census Tract 406, Jasper County, Iowa",638
19099040700,"Census Tract 407, Jasper County, Iowa",913
19099040800,"Census Tract 408, Jasper County, Iowa",630
19099040900,"Census Tract 409, Jasper County, Iowa",452
19099980000,"Census Tract 9800, Jasper County, Iowa",30
19101090100,"Census Tract 901, Jefferson County, Iowa",447
19101090200,"Census Tract 902, Jefferson County, Iowa",700
19101090301,"Census Tract 903.01, Jefferson County, Iowa",636
19101090302,"Census Tract 903.02, Jefferson County, Iowa",654
19101090400,"Census Tract 904, Jefferson County, Iowa",2381
19103000100,"Census Tract 1, Johnson County, Iowa",3263
19103000200,"Census Tract 2, Johnson County, Iowa",1211
19103000303,"Census Tract 3.03, Johnson County, Iowa",653
19103000304,"Census Tract 3.04, Johnson County, Iowa",974
19103000305,"Census Tract 3.05, Johnson County, Iowa",1842
19103000306,"Census Tract 3.06, Johnson County, Iowa",2034
19103000307,"Census Tract 3.07, Johnson County, Iowa",1101
19103000401,"Census Tract 4.01, Johnson County, Iowa",958
19103000402,"Census Tract 4.02, Johnson County, Iowa",2273
19103000501,"Census Tract 5.01, Johnson County, Iowa",2017
19103000502,"Census Tract 5.02, Johnson County, Iowa",1349
19103000600,"Census Tract 6, Johnson County, Iowa",1232
19103001100,"Census Tract 11, Johnson County, Iowa",884
19103001200,"Census Tract 12, Johnson County, Iowa",1154
19103001300,"Census Tract 13, Johnson County, Iowa",1568
19103001400,"Census Tract 14, Johnson County, Iowa",1760
19103001500,"Census Tract 15, Johnson County, Iowa",1106
19103001601,"Census Tract 16.01, Johnson County, Iowa",259
19103001602,"Census Tract 16.02, Johnson County, Iowa",697
19103001700,"Census Tract 17, Johnson County, Iowa",1152
19103001801,"Census Tract 18.01, Johnson County, Iowa",1248
19103001802,"Census Tract 18.02, Johnson County, Iowa",793
19103002100,"Census Tract 21, Johnson County, Iowa",231
19103002300,"Census Tract 23, Johnson County, Iowa",1202
19103010100,"Census Tract 101, Johnson County, Iowa",2343
19103010200,"Census Tract 102, Johnson County, Iowa",1621
19103010303,"Census Tract 103.03, Johnson County, Iowa",1150
19103010304,"Census Tract 103.04, Johnson County, Iowa",1883
19103010305,"Census Tract 103.05, Johnson County, Iowa",2044
19103010306,"Census Tract 103.06, Johnson County, Iowa",1023
19103010307,"Census Tract 103.07, Johnson County, Iowa",1785
19103010308,"Census Tract 103.08, Johnson County, Iowa",2131
19103010401,"Census Tract 104.01, Johnson County, Iowa",404
19103010402,"Census Tract 104.02, Johnson County, Iowa",455
19103010501,"Census Tract 105.01, Johnson County, Iowa",2322
19103010502,"Census Tract 105.02, Johnson County, Iowa",372
19105070100,"Census Tract 701, Jones County, Iowa",682
19105070301,"Census Tract 703.01, Jones County, Iowa",252
19105070302,"Census Tract 703.02, Jones County, Iowa",267
19105070401,"Census Tract 704.01, Jones County, Iowa",370
19105070402,"Census Tract 704.02, Jones County, Iowa",333
19105070500,"Census Tract 705, Jones County, Iowa",286
19105070600,"Census Tract 706, Jones County, Iowa",743
19107080100,"Census Tract 801, Keokuk County, Iowa",385
19107080200,"Census Tract 802, Keokuk County, Iowa",220
19107080300,"Census Tract 803, Keokuk County, Iowa",379
19107080400,"Census Tract 804, Keokuk County, Iowa",330
19109950100,"Census Tract 9501, Kossuth County, Iowa",202
19109950200,"Census Tract 9502, Kossuth County, Iowa",250
19109950300,"Census Tract 9503, Kossuth County, Iowa",269
19109950400,"Census Tract 9504, Kossuth County, Iowa",374
19109950500,"Census Tract 9505, Kossuth County, Iowa",497
19109950600,"Census Tract 9506, Kossuth County, Iowa",313
19111490100,"Census Tract 4901, Lee County, Iowa",482
19111490200,"Census Tract 4902, Lee County, Iowa",494
19111490300,"Census Tract 4903, Lee County, Iowa",428
19111490400,"Census Tract 4904, Lee County, Iowa",538
19111490500,"Census Tract 4905, Lee County, Iowa",493
19111490600,"Census Tract 4906, Lee County, Iowa",431
19111490700,"Census Tract 4907, Lee County, Iowa",628
19111490800,"Census Tract 4908, Lee County, Iowa",119
19111490900,"Census Tract 4909, Lee County, Iowa",269
19111491000,"Census Tract 4910, Lee County, Iowa",170
19111491100,"Census Tract 4911, Lee County, Iowa",408
19113000101,"Census Tract 1.01, Linn County, Iowa",2040
19113000102,"Census Tract 1.02, Linn County, Iowa",1490
19113000103,"Census Tract 1.03, Linn County, Iowa",704
19113000201,"Census Tract 2.01, Linn County, Iowa",693
19113000205,"Census Tract 2.05, Linn County, Iowa",1972
19113000208,"Census Tract 2.08, Linn County, Iowa",1276
19113000209,"Census Tract 2.09, Linn County, Iowa",1767
19113000210,"Census Tract 2.10, Linn County, Iowa",1481
19113000211,"Census Tract 2.11, Linn County, Iowa",2040
19113000212,"Census Tract 2.12, Linn County, Iowa",515
19113000213,"Census Tract 2.13, Linn County, Iowa",717
19113000300,"Census Tract 3, Linn County, Iowa",1489
19113000400,"Census Tract 4, Linn County, Iowa",1106
19113000500,"Census Tract 5, Linn County, Iowa",1288
19113000600,"Census Tract 6, Linn County, Iowa",766
19113000700,"Census Tract 7, Linn County, Iowa",384
19113000800,"Census Tract 8, Linn County, Iowa",883
19113000901,"Census Tract 9.01, Linn County, Iowa",1464
19113000902,"Census Tract 9.02, Linn County, Iowa",2923
19113001001,"Census Tract 10.01, Linn County, Iowa",1303
19113001002,"Census Tract 10.02, Linn County, Iowa",614
19113001004,"Census Tract 10.04, Linn County, Iowa",299
19113001005,"Census Tract 10.05, Linn County, Iowa",397
19113001101,"Census Tract 11.01, Linn County, Iowa",856
19113001102,"Census Tract 11.02, Linn County, Iowa",802
19113001200,"Census Tract 12, Linn County, Iowa",163
19113001300,"Census Tract 13, Linn County, Iowa",790
19113001400,"Census Tract 14, Linn County, Iowa",799
19113001500,"Census Tract 15, Linn County, Iowa",1135
19113001600,"Census Tract 16, Linn County, Iowa",1599
19113001700,"Census Tract 17, Linn County, Iowa",1800
19113001800,"Census Tract 18, Linn County, Iowa",807
19113001900,"Census Tract 19, Linn County, Iowa",178
19113002200,"Census Tract 22, Linn County, Iowa",172
19113002300,"Census Tract 23, Linn County, Iowa",810
19113002400,"Census Tract 24, Linn County, Iowa",425
19113002500,"Census Tract 25, Linn County, Iowa",327
19113002600,"Census Tract 26, Linn County, Iowa",329
19113002700,"Census Tract 27, Linn County, Iowa",414
19113002800,"Census Tract 28, Linn County, Iowa",865
19113002900,"Census Tract 29, Linn County, Iowa",586
19113003003,"Census Tract 30.03, Linn County, Iowa",753
19113003004,"Census Tract 30.04, Linn County, Iowa",512
19113003005,"Census Tract 30.05, Linn County, Iowa",1182
19113003006,"Census Tract 30.06, Linn County, Iowa",994
19113010100,"Census Tract 101, Linn County, Iowa",454
19113010200,"Census Tract 102, Linn County, Iowa",777
19113010300,"Census Tract 103, Linn County, Iowa",528
19113010400,"Census Tract 104, Linn County, Iowa",523
19113010500,"Census Tract 105, Linn County, Iowa",951
19113010600,"Census Tract 106, Linn County, Iowa",1507
19113010700,"Census Tract 107, Linn County, Iowa",1776
19113010801,"Census Tract 108.01, Linn County, Iowa",252
19113010802,"Census Tract 108.02, Linn County, Iowa",1338
19115450100,"Census Tract 4501, Louisa County, Iowa",299
19115450200,"Census Tract 4502, Louisa County, Iowa",574
19115450300,"Census Tract 4503, Louisa County, Iowa",438
19117950100,"Census Tract 9501, Lucas County, Iowa",227
19117950200,"Census Tract 9502, Lucas County, Iowa",345
19117950300,"Census Tract 9503, Lucas County, Iowa",185
19117950400,"Census Tract 9504, Lucas County, Iowa",234
19119950100,"Census Tract 9501, Lyon County, Iowa",258
19119950200,"Census Tract 9502, Lyon County, Iowa",446
19119950300,"Census Tract 9503, Lyon County, Iowa",765
19121060101,"Census Tract 601.01, Madison County, Iowa",768
19121060102,"Census Tract 601.02, Madison County, Iowa",511
19121060200,"Census Tract 602, Madison County, Iowa",848
19121060300,"Census Tract 603, Madison County, Iowa",678
19123950100,"Census Tract 9501, Mahaska County, Iowa",361
19123950200,"Census Tract 9502, Mahaska County, Iowa",464
19123950300,"Census Tract 9503, Mahaska County, Iowa",487
19123950400,"Census Tract 9504, Mahaska County, Iowa",687
19123950500,"Census Tract 9505, Mahaska County, Iowa",495
19123950600,"Census Tract 9506, Mahaska County, Iowa",430
19123950700,"Census Tract 9507, Mahaska County, Iowa",242
19125030101,"Census Tract 301.01, Marion County, Iowa",1372
19125030102,"Census Tract 301.02, Marion County, Iowa",449
19125030201,"Census Tract 302.01, Marion County, Iowa",1261
19125030202,"Census Tract 302.02, Marion County, Iowa",753
19125030300,"Census Tract 303, Marion County, Iowa",615
19125030401,"Census Tract 304.01, Marion County, Iowa",754
19125030402,"Census Tract 304.02, Marion County, Iowa",753
19125030500,"Census Tract 305, Marion County, Iowa",115
19125030600,"Census Tract 306, Marion County, Iowa",467
19125030700,"Census Tract 307, Marion County, Iowa",245
19127950100,"Census Tract 9501, Marshall County, Iowa",334
19127950200,"Census Tract 9502, Marshall County, Iowa",604
19127950300,"Census Tract 9503, Marshall County, Iowa",475
19127950400,"Census Tract 9504, Marshall County, Iowa",426
19127950500,"Census Tract 9505, Marshall County, Iowa",138
19127950600,"Census Tract 9506, Marshall County, Iowa",299
19127950700,"Census Tract 9507, Marshall County, Iowa",831
19127950801,"Census Tract 9508.01, Marshall County, Iowa",683
19127950802,"Census Tract 9508.02, Marshall County, Iowa",744
19127950900,"Census Tract 9509, Marshall County, Iowa",248
19127951000,"Census Tract 9510, Marshall County, Iowa",696
19129040100,"Census Tract 401, Mills County, Iowa",432
19129040201,"Census Tract 402.01, Mills County, Iowa",310
19129040202,"Census Tract 402.02, Mills County, Iowa",919
19129040301,"Census Tract 403.01, Mills County, Iowa",323
19129040302,"Census Tract 403.02, Mills County, Iowa",731
19131560100,"Census Tract 5601, Mitchell County, Iowa",400
19131560200,"Census Tract 5602, Mitchell County, Iowa",590
19131560300,"Census Tract 5603, Mitchell County, Iowa",616
19133960100,"Census Tract 9601, Monona County, Iowa",264
19133960200,"Census Tract 9602, Monona County, Iowa",315
19133960300,"Census Tract 9603, Monona County, Iowa",213
19133960400,"Census Tract 9604, Monona County, Iowa",196
19135070100,"Census Tract 701, Monroe County, Iowa",565
19135070200,"Census Tract 702, Monroe County, Iowa",305
19135070300,"Census Tract 703, Monroe County, Iowa",203
19137960100,"Census Tract 9601, Montgomery County, Iowa",268
19137960200,"Census Tract 9602, Montgomery County, Iowa",370
19137960300,"Census Tract 9603, Montgomery County, Iowa",290
19137960400,"Census Tract 9604, Montgomery County, Iowa",443
19139050100,"Census Tract 501, Muscatine County, Iowa",785
19139050200,"Census Tract 502, Muscatine County, Iowa",758
19139050300,"Census Tract 503, Muscatine County, Iowa",575
19139050400,"Census Tract 504, Muscatine County, Iowa",441
19139050500,"Census Tract 505, Muscatine County, Iowa",727
19139050600,"Census Tract 506, Muscatine County, Iowa",1679
19139050700,"Census Tract 507, Muscatine County, Iowa",689
19139050800,"Census Tract 508, Muscatine County, Iowa",211
19139050900,"Census Tract 509, Muscatine County, Iowa",208
19139051000,"Census Tract 510, Muscatine County, Iowa",122
19141490100,"Census Tract 4901, O'Brien County, Iowa",386
19141490200,"Census Tract 4902, O'Brien County, Iowa",579
19141490300,"Census Tract 4903, O'Brien County, Iowa",798
19141490400,"Census Tract 4904, O'Brien County, Iowa",308
19143460100,"Census Tract 4601, Osceola County, Iowa",326
19143460200,"Census Tract 4602, Osceola County, Iowa",310
19145490100,"Census Tract 4901, Page County, Iowa",383
19145490200,"Census Tract 4902, Page County, Iowa",322
19145490300,"Census Tract 4903, Page County, Iowa",585
19145490400,"Census Tract 4904, Page County, Iowa",392
19145490500,"Census Tract 4905, Page County, Iowa",265
19145490600,"Census Tract 4906, Page County, Iowa",321
19147960100,"Census Tract 9601, Palo Alto County, Iowa",289
19147960200,"Census Tract 9602, Palo Alto County, Iowa",237
19147960300,"Census Tract 9603, Palo Alto County, Iowa",680
19147960400,"Census Tract 9604, Palo Alto County, Iowa",325
19149970100,"Census Tract 9701, Plymouth County, Iowa",1202
19149970200,"Census Tract 9702, Plymouth County, Iowa",330
19149970300,"Census Tract 9703, Plymouth County, Iowa",525
19149970400,"Census Tract 9704, Plymouth County, Iowa",366
19149970500,"Census Tract 9705, Plymouth County, Iowa",553
19149970600,"Census Tract 9706, Plymouth County, Iowa",805
19151780100,"Census Tract 7801, Pocahontas County, Iowa",189
19151780200,"Census Tract 7802, Pocahontas County, Iowa",326
19151780300,"Census Tract 7803, Pocahontas County, Iowa",241
19153000101,"Census Tract 1.01, Polk County, Iowa",289
19153000102,"Census Tract 1.02, Polk County, Iowa",427
19153000103,"Census Tract 1.03, Polk County, Iowa",212
19153000201,"Census Tract 2.01, Polk County, Iowa",342
19153000202,"Census Tract 2.02, Polk County, Iowa",427
19153000300,"Census Tract 3, Polk County, Iowa",253
19153000400,"Census Tract 4, Polk County, Iowa",413
19153000500,"Census Tract 5, Polk County, Iowa",406
19153000600,"Census Tract 6, Polk County, Iowa",622
19153000701,"Census Tract 7.01, Polk County, Iowa",428
19153000702,"Census Tract 7.02, Polk County, Iowa",826
19153000703,"Census Tract 7.03, Polk County, Iowa",1075
19153000704,"Census Tract 7.04, Polk County, Iowa",824
19153000801,"Census Tract 8.01, Polk County, Iowa",1168
19153000802,"Census Tract 8.02, Polk County, Iowa",1208
19153000803,"Census Tract 8.03, Polk County, Iowa",651
19153000901,"Census Tract 9.01, Polk County, Iowa",749
19153000902,"Census Tract 9.02, Polk County, Iowa",1361
19153001000,"Census Tract 10, Polk County, Iowa",1685
19153001100,"Census Tract 11, Polk County, Iowa",240
19153001200,"Census Tract 12, Polk County, Iowa",224
19153001500,"Census Tract 15, Polk County, Iowa",297
19153001700,"Census Tract 17, Polk County, Iowa",172
19153001800,"Census Tract 18, Polk County, Iowa",155
19153001900,"Census Tract 19, Polk County, Iowa",417
19153002100,"Census Tract 21, Polk County, Iowa",385
19153002600,"Census Tract 26, Polk County, Iowa",365
19153002700,"Census Tract 27, Polk County, Iowa",1301
19153002800,"Census Tract 28, Polk County, Iowa",1315
19153002900,"Census Tract 29, Polk County, Iowa",1503
19153003001,"Census Tract 30.01, Polk County, Iowa",859
19153003002,"Census Tract 30.02, Polk County, Iowa",1978
19153003100,"Census Tract 31, Polk County, Iowa",1041
19153003200,"Census Tract 32, Polk County, Iowa",1466
19153003901,"Census Tract 39.01, Polk County, Iowa",231
19153003902,"Census Tract 39.02, Polk County, Iowa",787
19153004001,"Census Tract 40.01, Polk County, Iowa",842
19153004004,"Census Tract 40.04, Polk County, Iowa",875
19153004100,"Census Tract 41, Polk County, Iowa",793
19153004200,"Census Tract 42, Polk County, Iowa",423
19153004300,"Census Tract 43, Polk County, Iowa",822
19153004400,"Census Tract 44, Polk County, Iowa",276
19153004501,"Census Tract 45.01, Polk County, Iowa",373
19153004502,"Census Tract 45.02, Polk County, Iowa",261
19153004602,"Census Tract 46.02, Polk County, Iowa",525
19153004603,"Census Tract 46.03, Polk County, Iowa",517
19153004701,"Census Tract 47.01, Polk County, Iowa",419
19153004702,"Census Tract 47.02, Polk County, Iowa",207
19153004800,"Census Tract 48, Polk County, Iowa",187
19153004900,"Census Tract 49, Polk County, Iowa",122
19153005000,"Census Tract 50, Polk County, Iowa",131
19153005101,"Census Tract 51.01, Polk County, Iowa",3126
19153005102,"Census Tract 51.02, Polk County, Iowa",427
19153005200,"Census Tract 52, Polk County, Iowa",95
19153005300,"Census Tract 53, Polk County, Iowa",208
19153010101,"Census Tract 101.01, Polk County, Iowa",1767
19153010102,"Census Tract 101.02, Polk County, Iowa",2708
19153010205,"Census Tract 102.05, Polk County, Iowa",2353
19153010207,"Census Tract 102.07, Polk County, Iowa",1258
19153010208,"Census Tract 102.08, Polk County, Iowa",1148
19153010209,"Census Tract 102.09, Polk County, Iowa",1765
19153010211,"Census Tract 102.11, Polk County, Iowa",1455
19153010212,"Census Tract 102.12, Polk County, Iowa",1173
19153010213,"Census Tract 102.13, Polk County, Iowa",1646
19153010214,"Census Tract 102.14, Polk County, Iowa",2828
19153010215,"Census Tract 102.15, Polk County, Iowa",2497
19153010216,"Census Tract 102.16, Polk County, Iowa",5617
19153010404,"Census Tract 104.04, Polk County, Iowa",1542
19153010406,"Census Tract 104.06, Polk County, Iowa",1058
19153010407,"Census Tract 104.07, Polk County, Iowa",1984
19153010408,"Census Tract 104.08, Polk County, Iowa",828
19153010409,"Census Tract 104.09, Polk County, Iowa",1072
19153010410,"Census Tract 104.10, Polk County, Iowa",649
19153010411,"Census Tract 104.11, Polk County, Iowa",1254
19153010500,"Census Tract 105, Polk County, Iowa",812
19153010601,"Census Tract 106.01, Polk County, Iowa",342
19153010602,"Census Tract 106.02, Polk County, Iowa",1461
19153010702,"Census Tract 107.02, Polk County, Iowa",1006
19153010703,"Census Tract 107.03, Polk County, Iowa",956
19153010707,"Census Tract 107.07, Polk County, Iowa",393
19153010708,"Census Tract 107.08, Polk County, Iowa",1352
19153010709,"Census Tract 107.09, Polk County, Iowa",864
19153010803,"Census Tract 108.03, Polk County, Iowa",856
19153010804,"Census Tract 108.04, Polk County, Iowa",1273
19153010805,"Census Tract 108.05, Polk County, Iowa",1413
19153010806,"Census Tract 108.06, Polk County, Iowa",462
19153011001,"Census Tract 110.01, Polk County, Iowa",484
19153011021,"Census Tract 110.21, Polk County, Iowa",1932
19153011025,"Census Tract 110.25, Polk County, Iowa",1638
19153011026,"Census Tract 110.26, Polk County, Iowa",2873
19153011027,"Census Tract 110.27, Polk County, Iowa",2669
19153011028,"Census Tract 110.28, Polk County, Iowa",1793
19153011111,"Census Tract 111.11, Polk County, Iowa",1482
19153011112,"Census Tract 111.12, Polk County, Iowa",1237
19153011113,"Census Tract 111.13, Polk County, Iowa",925
19153011114,"Census Tract 111.14, Polk County, Iowa",1237
19153011201,"Census Tract 112.01, Polk County, Iowa",1459
19153011203,"Census Tract 112.03, Polk County, Iowa",2155
19153011205,"Census Tract 112.05, Polk County, Iowa",636
19153011206,"Census Tract 112.06, Polk County, Iowa",1798
19153011301,"Census Tract 113.01, Polk County, Iowa",1062
19153011302,"Census Tract 113.02, Polk County, Iowa",637
19153011303,"Census Tract 113.03, Polk County, Iowa",1793
19153011304,"Census Tract 113.04, Polk County, Iowa",1777
19153011305,"Census Tract 113.05, Polk County, Iowa",720
19153011405,"Census Tract 114.05, Polk County, Iowa",1262
19153011406,"Census Tract 114.06, Polk County, Iowa",2030
19153011500,"Census Tract 115, Polk County, Iowa",2255
19153011600,"Census Tract 116, Polk County, Iowa",0
19153011702,"Census Tract 117.02, Polk County, Iowa",1406
19153011703,"Census Tract 117.03, Polk County, Iowa",2283
19153011704,"Census Tract 117.04, Polk County, Iowa",1110
19155021200,"Census Tract 212, Pottawattamie County, Iowa",316
19155021400,"Census Tract 214, Pottawattamie County, Iowa",834
19155021501,"Census Tract 215.01, Pottawattamie County, Iowa",343
19155021502,"Census Tract 215.02, Pottawattamie County, Iowa",371
19155021602,"Census Tract 216.02, Pottawattamie County, Iowa",591
19155021603,"Census Tract 216.03, Pottawattamie County, Iowa",378
19155021701,"Census Tract 217.01, Pottawattamie County, Iowa",397
19155021702,"Census Tract 217.02, Pottawattamie County, Iowa",366
19155030100,"Census Tract 301, Pottawattamie County, Iowa",967
19155030200,"Census Tract 302, Pottawattamie County, Iowa",550
19155030300,"Census Tract 303, Pottawattamie County, Iowa",318
19155030401,"Census Tract 304.01, Pottawattamie County, Iowa",240
19155030402,"Census Tract 304.02, Pottawattamie County, Iowa",456
19155030501,"Census Tract 305.01, Pottawattamie County, Iowa",224
19155030502,"Census Tract 305.02, Pottawattamie County, Iowa",139
19155030601,"Census Tract 306.01, Pottawattamie County, Iowa",109
19155030602,"Census Tract 306.02, Pottawattamie County, Iowa",117
19155030700,"Census Tract 307, Pottawattamie County, Iowa",97
19155030800,"Census Tract 308, Pottawattamie County, Iowa",166
19155030900,"Census Tract 309, Pottawattamie County, Iowa",102
19155031000,"Census Tract 310, Pottawattamie County, Iowa",448
19155031100,"Census Tract 311, Pottawattamie County, Iowa",354
19155031200,"Census Tract 312, Pottawattamie County, Iowa",799
19155031300,"Census Tract 313, Pottawattamie County, Iowa",306
19155031400,"Census Tract 314, Pottawattamie County, Iowa",468
19155031601,"Census Tract 316.01, Pottawattamie County, Iowa",1502
19155031602,"Census Tract 316.02, Pottawattamie County, Iowa",458
19155031700,"Census Tract 317, Pottawattamie County, Iowa",924
19155031800,"Census Tract 318, Pottawattamie County, Iowa",621
19155031900,"Census Tract 319, Pottawattamie County, Iowa",954
19157370100,"Census Tract 3701, Poweshiek County, Iowa",325
19157370200,"Census Tract 3702, Poweshiek County, Iowa",579
19157370300,"Census Tract 3703, Poweshiek County, Iowa",1162
19157370400,"Census Tract 3704, Poweshiek County, Iowa",916
19157370500,"Census Tract 3705, Poweshiek County, Iowa",382
19159950100,"Census Tract 9501, Ringgold County, Iowa",333
19159950200,"Census Tract 9502, Ringgold County, Iowa",319
19161080100,"Census Tract 801, Sac County, Iowa",290
19161080200,"Census Tract 802, Sac County, Iowa",313
19161080300,"Census Tract 803, Sac County, Iowa",291
19161080400,"Census Tract 804, Sac County, Iowa",335
19163010101,"Census Tract 101.01, Scott County, Iowa",690
19163010103,"Census Tract 101.03, Scott County, Iowa",1719
19163010104,"Census Tract 101.04, Scott County, Iowa",737
19163010201,"Census Tract 102.01, Scott County, Iowa",1456
19163010202,"Census Tract 102.02, Scott County, Iowa",1445
19163010300,"Census Tract 103, Scott County, Iowa",406
19163010401,"Census Tract 104.01, Scott County, Iowa",1090
19163010402,"Census Tract 104.02, Scott County, Iowa",740
19163010600,"Census Tract 106, Scott County, Iowa",280
19163010700,"Census Tract 107, Scott County, Iowa",147
19163010800,"Census Tract 108, Scott County, Iowa",176
19163010900,"Census Tract 109, Scott County, Iowa",327
19163011000,"Census Tract 110, Scott County, Iowa",151
19163011100,"Census Tract 111, Scott County, Iowa",414
19163011200,"Census Tract 112, Scott County, Iowa",180
19163011300,"Census Tract 113, Scott County, Iowa",203
19163011400,"Census Tract 114, Scott County, Iowa",210
19163011500,"Census Tract 115, Scott County, Iowa",383
19163011600,"Census Tract 116, Scott County, Iowa",674
19163011700,"Census Tract 117, Scott County, Iowa",843
19163011800,"Census Tract 118, Scott County, Iowa",534
19163011900,"Census Tract 119, Scott County, Iowa",472
19163012000,"Census Tract 120, Scott County, Iowa",579
19163012100,"Census Tract 121, Scott County, Iowa",430
19163012200,"Census Tract 122, Scott County, Iowa",137
19163012300,"Census Tract 123, Scott County, Iowa",23
19163012400,"Census Tract 124, Scott County, Iowa",313
19163012501,"Census Tract 125.01, Scott County, Iowa",571
19163012502,"Census Tract 125.02, Scott County, Iowa",696
19163012601,"Census Tract 126.01, Scott County, Iowa",809
19163012602,"Census Tract 126.02, Scott County, Iowa",348
19163012701,"Census Tract 127.01, Scott County, Iowa",615
19163012702,"Census Tract 127.02, Scott County, Iowa",895
19163012801,"Census Tract 128.01, Scott County, Iowa",726
19163012802,"Census Tract 128.02, Scott County, Iowa",890
19163012901,"Census Tract 129.01, Scott County, Iowa",2092
19163012902,"Census Tract 129.02, Scott County, Iowa",1952
19163013000,"Census Tract 130, Scott County, Iowa",1354
19163013100,"Census Tract 131, Scott County, Iowa",984
19163013200,"Census Tract 132, Scott County, Iowa",461
19163013300,"Census Tract 133, Scott County, Iowa",768
19163013400,"Census Tract 134, Scott County, Iowa",638
19163013500,"Census Tract 135, Scott County, Iowa",890
19163013600,"Census Tract 136, Scott County, Iowa",427
19163013702,"Census Tract 137.02, Scott County, Iowa",2222
19163013703,"Census Tract 137.03, Scott County, Iowa",1038
19163013705,"Census Tract 137.05, Scott County, Iowa",1914
19163013706,"Census Tract 137.06, Scott County, Iowa",3262
19165960100,"Census Tract 9601, Shelby County, Iowa",495
19165960200,"Census Tract 9602, Shelby County, Iowa",327
19165960300,"Census Tract 9603, Shelby County, Iowa",606
19165960400,"Census Tract 9604, Shelby County, Iowa",308
19167070100,"Census Tract 701, Sioux County, Iowa",451
19167070200,"Census Tract 702, Sioux County, Iowa",983
19167070300,"Census Tract 703, Sioux County, Iowa",552
19167070400,"Census Tract 704, Sioux County, Iowa",516
19167070500,"Census Tract 705, Sioux County, Iowa",478
19167070601,"Census Tract 706.01, Sioux County, Iowa",443
19167070602,"Census Tract 706.02, Sioux County, Iowa",906
19167070701,"Census Tract 707.01, Sioux County, Iowa",1069
19167070702,"Census Tract 707.02, Sioux County, Iowa",732
19169000101,"Census Tract 1.01, Story County, Iowa",562
19169000102,"Census Tract 1.02, Story County, Iowa",2052
19169000103,"Census Tract 1.03, Story County, Iowa",381
19169000104,"Census Tract 1.04, Story County, Iowa",988
19169000105,"Census Tract 1.05, Story County, Iowa",1560
19169000200,"Census Tract 2, Story County, Iowa",1588
19169000300,"Census Tract 3, Story County, Iowa",1244
19169000400,"Census Tract 4, Story County, Iowa",984
19169000500,"Census Tract 5, Story County, Iowa",362
19169000600,"Census Tract 6, Story County, Iowa",1750
19169000700,"Census Tract 7, Story County, Iowa",576
19169000800,"Census Tract 8, Story County, Iowa",21
19169000900,"Census Tract 9, Story County, Iowa",1599
19169001000,"Census Tract 10, Story County, Iowa",1206
19169001101,"Census Tract 11.01, Story County, Iowa",607
19169001102,"Census Tract 11.02, Story County, Iowa",125
19169001200,"Census Tract 12, Story County, Iowa",42
19169001302,"Census Tract 13.02, Story County, Iowa",2238
19169001303,"Census Tract 13.03, Story County, Iowa",1519
19169001304,"Census Tract 13.04, Story County, Iowa",1109
19169010101,"Census Tract 101.01, Story County, Iowa",1207
19169010102,"Census Tract 101.02, Story County, Iowa",1236
19169010200,"Census Tract 102, Story County, Iowa",691
19169010300,"Census Tract 103, Story County, Iowa",1092
19169010400,"Census Tract 104, Story County, Iowa",667
19169010500,"Census Tract 105, Story County, Iowa",299
19169010600,"Census Tract 106, Story County, Iowa",1084
19171290100,"Census Tract 2901, Tama County, Iowa",377
19171290200,"Census Tract 2902, Tama County, Iowa",398
19171290300,"Census Tract 2903, Tama County, Iowa",368
19171290400,"Census Tract 2904, Tama County, Iowa",236
19171290500,"Census Tract 2905, Tama County, Iowa",214
19171290600,"Census Tract 2906, Tama County, Iowa",201
19173180100,"Census Tract 1801, Taylor County, Iowa",255
19173180200,"Census Tract 1802, Taylor County, Iowa",197
19173180300,"Census Tract 1803, Taylor County, Iowa",176
19175190100,"Census Tract 1901, Union County, Iowa",331
19175190200,"Census Tract 1902, Union County, Iowa",457
19175190300,"Census Tract 1903, Union County, Iowa",341
19175190400,"Census Tract 1904, Union County, Iowa",764
19177950100,"Census Tract 9501, Van Buren County, Iowa",483
19177950200,"Census Tract 9502, Van Buren County, Iowa",339
19179960100,"Census Tract 9601, Wapello County, Iowa",364
19179960200,"Census Tract 9602, Wapello County, Iowa",277
19179960300,"Census Tract 9603, Wapello County, Iowa",1192
19179960400,"Census Tract 9604, Wapello County, Iowa",540
19179960500,"Census Tract 9605, Wapello County, Iowa",277
19179960600,"Census Tract 9606, Wapello County, Iowa",235
19179960700,"Census Tract 9607, Wapello County, Iowa",472
19179960800,"Census Tract 9608, Wapello County, Iowa",618
19179960900,"Census Tract 9609, Wapello County, Iowa",152
19179961000,"Census Tract 9610, Wapello County, Iowa",225
19179961100,"Census Tract 9611, Wapello County, Iowa",376
19181020101,"Census Tract 201.01, Warren County, Iowa",199
19181020201,"Census Tract 202.01, Warren County, Iowa",1047
19181020202,"Census Tract 202.02, Warren County, Iowa",2078
19181020300,"Census Tract 203, Warren County, Iowa",880
19181020400,"Census Tract 204, Warren County, Iowa",890
19181020500,"Census Tract 205, Warren County, Iowa",353
19181020600,"Census Tract 206, Warren County, Iowa",873
19181020701,"Census Tract 207.01, Warren County, Iowa",130
19181020702,"Census Tract 207.02, Warren County, Iowa",1032
19181020800,"Census Tract 208, Warren County, Iowa",740
19181020900,"Census Tract 209, Warren County, Iowa",541
19181021000,"Census Tract 210, Warren County, Iowa",280
19181021100,"Census Tract 211, Warren County, Iowa",760
19181021200,"Census Tract 212, Warren County, Iowa",720
19183960101,"Census Tract 9601.01, Washington County, Iowa",646
19183960102,"Census Tract 9601.02, Washington County, Iowa",530
19183960200,"Census Tract 9602, Washington County, Iowa",468
19183960300,"Census Tract 9603, Washington County, Iowa",411
19183960400,"Census Tract 9604, Washington County, Iowa",650
19183960500,"Census Tract 9605, Washington County, Iowa",592
19185070100,"Census Tract 701, Wayne County, Iowa",261
19185070200,"Census Tract 702, Wayne County, Iowa",160
19185070300,"Census Tract 703, Wayne County, Iowa",198
19187000101,"Census Tract 1.01, Webster County, Iowa",1192
19187000102,"Census Tract 1.02, Webster County, Iowa",409
19187000200,"Census Tract 2, Webster County, Iowa",648
19187000300,"Census Tract 3, Webster County, Iowa",160
19187000400,"Census Tract 4, Webster County, Iowa",438
19187000500,"Census Tract 5, Webster County, Iowa",151
19187000600,"Census Tract 6, Webster County, Iowa",211
19187000700,"Census Tract 7, Webster County, Iowa",151
19187000900,"Census Tract 9, Webster County, Iowa",316
19187010100,"Census Tract 101, Webster County, Iowa",303
19187010200,"Census Tract 102, Webster County, Iowa",324
19187010300,"Census Tract 103, Webster County, Iowa",492
19187010400,"Census Tract 104, Webster County, Iowa",378
19189680100,"Census Tract 6801, Winnebago County, Iowa",585
19189680200,"Census Tract 6802, Winnebago County, Iowa",464
19189680300,"Census Tract 6803, Winnebago County, Iowa",586
19191950100,"Census Tract 9501, Winneshiek County, Iowa",493
19191950200,"Census Tract 9502, Winneshiek County, Iowa",1304
19191950300,"Census Tract 9503, Winneshiek County, Iowa",894
19191950400,"Census Tract 9504, Winneshiek County, Iowa",926
19191950500,"Census Tract 9505, Winneshiek County, Iowa",325
19193000100,"Census Tract 1, Woodbury County, Iowa",227
19193000201,"Census Tract 2.01, Woodbury County, Iowa",453
19193000202,"Census Tract 2.02, Woodbury County, Iowa",824
19193000300,"Census Tract 3, Woodbury County, Iowa",1257
19193000400,"Census Tract 4, Woodbury County, Iowa",1444
19193000500,"Census Tract 5, Woodbury County, Iowa",442
19193000600,"Census Tract 6, Woodbury County, Iowa",95
19193000700,"Census Tract 7, Woodbury County, Iowa",400
19193000800,"Census Tract 8, Woodbury County, Iowa",421
19193000900,"Census Tract 9, Woodbury County, Iowa",480
19193001000,"Census Tract 10, Woodbury County, Iowa",204
19193001100,"Census Tract 11, Woodbury County, Iowa",169
19193001200,"Census Tract 12, Woodbury County, Iowa",102
19193001300,"Census Tract 13, Woodbury County, Iowa",65
19193001400,"Census Tract 14, Woodbury County, Iowa",191
19193001500,"Census Tract 15, Woodbury County, Iowa",38
19193001801,"Census Tract 18.01, Woodbury County, Iowa",448
19193001802,"Census Tract 18.02, Woodbury County, Iowa",447
19193001900,"Census Tract 19, Woodbury County, Iowa",430
19193002000,"Census Tract 20, Woodbury County, Iowa",534
19193002101,"Census Tract 21.01, Woodbury County, Iowa",642
19193002102,"Census Tract 21.02, Woodbury County, Iowa",1548
19193003100,"Census Tract 31, Woodbury County, Iowa",513
19193003200,"Census Tract 32, Woodbury County, Iowa",917
19193003301,"Census Tract 33.01, Woodbury County, Iowa",1292
19193003302,"Census Tract 33.02, Woodbury County, Iowa",1178
19193003500,"Census Tract 35, Woodbury County, Iowa",504
19193003600,"Census Tract 36, Woodbury County, Iowa",276
19193940200,"Census Tract 9402, Woodbury County, Iowa",0
19195690100,"Census Tract 6901, Worth County, Iowa",342
19195690200,"Census Tract 6902, Worth County, Iowa",294
19195690300,"Census Tract 6903, Worth County, Iowa",335
19197680100,"Census Tract 6801, Wright County, Iowa",418
19197680200,"Census Tract 6802, Wright County, Iowa",140
19197680300,"Census Tract 6803, Wright County, Iowa",339
19197680400,"Census Tract 6804, Wright County, Iowa",174
19197680500,"Census Tract 6805, Wright County, Iowa",365
0400000US19,Iowa,617115
