geoid,County,twentyfive_older,twentyfive_older_education,percentage
19001960100,"Census Tract 9601, Adair County, Iowa",383,124,32%
19001960200,"Census Tract 9602, Adair County, Iowa",273,83,30%
19001960300,"Census Tract 9603, Adair County, Iowa",339,136,40%
19003950100,"Census Tract 9501, Adams County, Iowa",199,47,24%
19003950200,"Census Tract 9502, Adams County, Iowa",260,73,28%
19005960100,"Census Tract 9601, Allamakee County, Iowa",359,75,21%
19005960200,"Census Tract 9602, Allamakee County, Iowa",328,75,23%
19005960300,"Census Tract 9603, Allamakee County, Iowa",571,160,28%
19005960400,"Census Tract 9604, Allamakee County, Iowa",245,83,34%
19005960500,"Census Tract 9605, Allamakee County, Iowa",252,84,33%
19007950100,"Census Tract 9501, Appanoose County, Iowa",262,58,22%
19007950200,"Census Tract 9502, Appanoose County, Iowa",298,71,24%
19007950300,"Census Tract 9503, Appanoose County, Iowa",471,79,17%
19007950400,"Census Tract 9504, Appanoose County, Iowa",450,138,31%
19007950500,"Census Tract 9505, Appanoose County, Iowa",148,29,20%
19009070100,"Census Tract 701, Audubon County, Iowa",245,47,19%
19009070200,"Census Tract 702, Audubon County, Iowa",279,95,34%
19009070300,"Census Tract 703, Audubon County, Iowa",230,71,31%
19011960100,"Census Tract 9601, Benton County, Iowa",472,76,16%
19011960200,"Census Tract 9602, Benton County, Iowa",434,120,28%
19011960300,"Census Tract 9603, Benton County, Iowa",698,215,31%
19011960400,"Census Tract 9604, Benton County, Iowa",452,54,12%
19011960500,"Census Tract 9605, Benton County, Iowa",1089,195,18%
19011960600,"Census Tract 9606, Benton County, Iowa",246,75,30%
19011960700,"Census Tract 9607, Benton County, Iowa",240,80,33%
19013000100,"Census Tract 1, Black Hawk County, Iowa",73,19,26%
19013000200,"Census Tract 2, Black Hawk County, Iowa",239,70,29%
19013000300,"Census Tract 3, Black Hawk County, Iowa",212,19,9%
19013000400,"Census Tract 4, Black Hawk County, Iowa",192,9,5%
19013000500,"Census Tract 5, Black Hawk County, Iowa",86,0,0%
19013000700,"Census Tract 7, Black Hawk County, Iowa",147,0,0%
19013000800,"Census Tract 8, Black Hawk County, Iowa",129,14,11%
19013000900,"Census Tract 9, Black Hawk County, Iowa",421,73,17%
19013001000,"Census Tract 10, Black Hawk County, Iowa",382,126,33%
19013001100,"Census Tract 11, Black Hawk County, Iowa",297,76,26%
19013001200,"Census Tract 12, Black Hawk County, Iowa",469,75,16%
19013001301,"Census Tract 13.01, Black Hawk County, Iowa",809,245,30%
19013001302,"Census Tract 13.02, Black Hawk County, Iowa",1038,145,14%
19013001400,"Census Tract 14, Black Hawk County, Iowa",1225,200,16%
19013001501,"Census Tract 15.01, Black Hawk County, Iowa",734,126,17%
19013001502,"Census Tract 15.02, Black Hawk County, Iowa",546,161,29%
19013001503,"Census Tract 15.03, Black Hawk County, Iowa",754,212,28%
19013001600,"Census Tract 16, Black Hawk County, Iowa",284,13,5%
19013001701,"Census Tract 17.01, Black Hawk County, Iowa",64,18,28%
19013001702,"Census Tract 17.02, Black Hawk County, Iowa",302,47,16%
19013001800,"Census Tract 18, Black Hawk County, Iowa",167,11,7%
19013001900,"Census Tract 19, Black Hawk County, Iowa",118,6,5%
19013002000,"Census Tract 20, Black Hawk County, Iowa",367,21,6%
19013002200,"Census Tract 22, Black Hawk County, Iowa",1094,289,26%
19013002301,"Census Tract 23.01, Black Hawk County, Iowa",438,88,20%
19013002303,"Census Tract 23.03, Black Hawk County, Iowa",73,28,38%
19013002304,"Census Tract 23.04, Black Hawk County, Iowa",553,62,11%
19013002400,"Census Tract 24, Black Hawk County, Iowa",1254,185,15%
19013002500,"Census Tract 25, Black Hawk County, Iowa",1689,474,28%
19013002601,"Census Tract 26.01, Black Hawk County, Iowa",1454,251,17%
19013002604,"Census Tract 26.04, Black Hawk County, Iowa",623,137,22%
19013002605,"Census Tract 26.05, Black Hawk County, Iowa",2245,299,13%
19013002606,"Census Tract 26.06, Black Hawk County, Iowa",2021,306,15%
19013002700,"Census Tract 27, Black Hawk County, Iowa",506,106,21%
19013002800,"Census Tract 28, Black Hawk County, Iowa",439,50,11%
19013002901,"Census Tract 29.01, Black Hawk County, Iowa",167,6,4%
19013002902,"Census Tract 29.02, Black Hawk County, Iowa",523,163,31%
19013003001,"Census Tract 30.01, Black Hawk County, Iowa",1382,267,19%
19013003002,"Census Tract 30.02, Black Hawk County, Iowa",946,154,16%
19015020100,"Census Tract 201, Boone County, Iowa",737,130,18%
19015020200,"Census Tract 202, Boone County, Iowa",341,101,30%
19015020300,"Census Tract 203, Boone County, Iowa",1223,281,23%
19015020400,"Census Tract 204, Boone County, Iowa",211,37,18%
19015020500,"Census Tract 205, Boone County, Iowa",1124,189,17%
19015020600,"Census Tract 206, Boone County, Iowa",500,56,11%
19015020700,"Census Tract 207, Boone County, Iowa",609,170,28%
19017004000,"Census Tract 40, Bremer County, Iowa",427,50,12%
19017004100,"Census Tract 41, Bremer County, Iowa",909,216,24%
19017004200,"Census Tract 42, Bremer County, Iowa",1268,291,23%
19017004300,"Census Tract 43, Bremer County, Iowa",325,58,18%
19017004400,"Census Tract 44, Bremer County, Iowa",549,120,22%
19017004500,"Census Tract 45, Bremer County, Iowa",331,73,22%
19017004600,"Census Tract 46, Bremer County, Iowa",1264,293,23%
19017004700,"Census Tract 47, Bremer County, Iowa",378,131,35%
19019950100,"Census Tract 9501, Buchanan County, Iowa",283,63,22%
19019950200,"Census Tract 9502, Buchanan County, Iowa",400,137,34%
19019950300,"Census Tract 9503, Buchanan County, Iowa",381,114,30%
19019950400,"Census Tract 9504, Buchanan County, Iowa",564,169,30%
19019950500,"Census Tract 9505, Buchanan County, Iowa",723,92,13%
19019950600,"Census Tract 9506, Buchanan County, Iowa",750,113,15%
19021960100,"Census Tract 9601, Buena Vista County, Iowa",222,54,24%
19021960200,"Census Tract 9602, Buena Vista County, Iowa",238,94,39%
19021960300,"Census Tract 9603, Buena Vista County, Iowa",245,60,24%
19021960400,"Census Tract 9604, Buena Vista County, Iowa",542,253,47%
19021960500,"Census Tract 9605, Buena Vista County, Iowa",647,178,28%
19021960600,"Census Tract 9606, Buena Vista County, Iowa",699,190,27%
19023070100,"Census Tract 701, Butler County, Iowa",345,118,34%
19023070200,"Census Tract 702, Butler County, Iowa",163,51,31%
19023070300,"Census Tract 703, Butler County, Iowa",425,118,28%
19023070400,"Census Tract 704, Butler County, Iowa",514,156,30%
19023070500,"Census Tract 705, Butler County, Iowa",420,66,16%
19025950100,"Census Tract 9501, Calhoun County, Iowa",433,80,18%
19025950200,"Census Tract 9502, Calhoun County, Iowa",369,93,25%
19025950300,"Census Tract 9503, Calhoun County, Iowa",176,25,14%
19025950400,"Census Tract 9504, Calhoun County, Iowa",389,71,18%
19027960100,"Census Tract 9601, Carroll County, Iowa",407,121,30%
19027960200,"Census Tract 9602, Carroll County, Iowa",312,46,15%
19027960300,"Census Tract 9603, Carroll County, Iowa",1274,285,22%
19027960400,"Census Tract 9604, Carroll County, Iowa",565,115,20%
19027960500,"Census Tract 9605, Carroll County, Iowa",242,64,26%
19027960600,"Census Tract 9606, Carroll County, Iowa",427,135,32%
19029190100,"Census Tract 1901, Cass County, Iowa",303,56,18%
19029190200,"Census Tract 1902, Cass County, Iowa",340,58,17%
19029190300,"Census Tract 1903, Cass County, Iowa",116,17,15%
19029190400,"Census Tract 1904, Cass County, Iowa",996,340,34%
19029190500,"Census Tract 1905, Cass County, Iowa",387,60,16%
19031450100,"Census Tract 4501, Cedar County, Iowa",404,66,16%
19031450200,"Census Tract 4502, Cedar County, Iowa",388,97,25%
19031450300,"Census Tract 4503, Cedar County, Iowa",507,123,24%
19031450400,"Census Tract 4504, Cedar County, Iowa",578,95,16%
19031450500,"Census Tract 4505, Cedar County, Iowa",874,163,19%
19033950102,"Census Tract 9501.02, Cerro Gordo County, Iowa",501,110,22%
19033950201,"Census Tract 9502.01, Cerro Gordo County, Iowa",420,78,19%
19033950202,"Census Tract 9502.02, Cerro Gordo County, Iowa",607,65,11%
19033950300,"Census Tract 9503, Cerro Gordo County, Iowa",451,7,2%
19033950402,"Census Tract 9504.02, Cerro Gordo County, Iowa",368,100,27%
19033950600,"Census Tract 9506, Cerro Gordo County, Iowa",341,74,22%
19033950700,"Census Tract 9507, Cerro Gordo County, Iowa",846,195,23%
19033950800,"Census Tract 9508, Cerro Gordo County, Iowa",1166,264,23%
19033950900,"Census Tract 9509, Cerro Gordo County, Iowa",447,136,30%
19033951000,"Census Tract 9510, Cerro Gordo County, Iowa",326,75,23%
19033951400,"Census Tract 9514, Cerro Gordo County, Iowa",983,127,13%
19033951600,"Census Tract 9516, Cerro Gordo County, Iowa",628,123,20%
19035080101,"Census Tract 801.01, Cherokee County, Iowa",293,63,22%
19035080102,"Census Tract 801.02, Cherokee County, Iowa",547,117,21%
19035080200,"Census Tract 802, Cherokee County, Iowa",445,150,34%
19035080300,"Census Tract 803, Cherokee County, Iowa",205,75,37%
19035080400,"Census Tract 804, Cherokee County, Iowa",370,107,29%
19037070100,"Census Tract 701, Chickasaw County, Iowa",260,56,22%
19037070200,"Census Tract 702, Chickasaw County, Iowa",316,121,38%
19037070300,"Census Tract 703, Chickasaw County, Iowa",338,97,29%
19037070400,"Census Tract 704, Chickasaw County, Iowa",548,195,36%
19039960100,"Census Tract 9601, Clarke County, Iowa",525,85,16%
19039960200,"Census Tract 9602, Clarke County, Iowa",282,50,18%
19039960300,"Census Tract 9603, Clarke County, Iowa",212,32,15%
19041080100,"Census Tract 801, Clay County, Iowa",317,91,29%
19041080200,"Census Tract 802, Clay County, Iowa",774,183,24%
19041080301,"Census Tract 803.01, Clay County, Iowa",824,211,26%
19041080302,"Census Tract 803.02, Clay County, Iowa",382,110,29%
19041080400,"Census Tract 804, Clay County, Iowa",385,115,30%
19043070100,"Census Tract 701, Clayton County, Iowa",383,141,37%
19043070200,"Census Tract 702, Clayton County, Iowa",472,108,23%
19043070300,"Census Tract 703, Clayton County, Iowa",470,127,27%
19043070400,"Census Tract 704, Clayton County, Iowa",285,47,16%
19043070500,"Census Tract 705, Clayton County, Iowa",151,17,11%
19043070600,"Census Tract 706, Clayton County, Iowa",402,92,23%
19045000100,"Census Tract 1, Clinton County, Iowa",129,0,0%
19045000200,"Census Tract 2, Clinton County, Iowa",48,0,0%
19045000300,"Census Tract 3, Clinton County, Iowa",415,113,27%
19045000400,"Census Tract 4, Clinton County, Iowa",843,186,22%
19045000500,"Census Tract 5, Clinton County, Iowa",1175,264,22%
19045000600,"Census Tract 6, Clinton County, Iowa",283,28,10%
19045000700,"Census Tract 7, Clinton County, Iowa",554,62,11%
19045000800,"Census Tract 8, Clinton County, Iowa",566,247,44%
19045000900,"Census Tract 9, Clinton County, Iowa",1173,247,21%
19045001000,"Census Tract 10, Clinton County, Iowa",469,146,31%
19045001100,"Census Tract 11, Clinton County, Iowa",251,70,28%
19045001200,"Census Tract 12, Clinton County, Iowa",403,146,36%
19047070100,"Census Tract 701, Crawford County, Iowa",294,47,16%
19047070200,"Census Tract 702, Crawford County, Iowa",261,57,22%
19047070300,"Census Tract 703, Crawford County, Iowa",176,66,38%
19047070401,"Census Tract 704.01, Crawford County, Iowa",501,96,19%
19047070402,"Census Tract 704.02, Crawford County, Iowa",188,12,6%
19047070500,"Census Tract 705, Crawford County, Iowa",238,41,17%
19049050100,"Census Tract 501, Dallas County, Iowa",2009,256,13%
19049050200,"Census Tract 502, Dallas County, Iowa",891,228,26%
19049050300,"Census Tract 503, Dallas County, Iowa",276,50,18%
19049050400,"Census Tract 504, Dallas County, Iowa",174,26,15%
19049050500,"Census Tract 505, Dallas County, Iowa",343,48,14%
19049050600,"Census Tract 506, Dallas County, Iowa",703,85,12%
19049050700,"Census Tract 507, Dallas County, Iowa",1383,236,17%
19049050803,"Census Tract 508.03, Dallas County, Iowa",4438,477,11%
19049050805,"Census Tract 508.05, Dallas County, Iowa",2343,255,11%
19049050807,"Census Tract 508.07, Dallas County, Iowa",2781,365,13%
19049050812,"Census Tract 508.12, Dallas County, Iowa",1290,151,12%
19049050813,"Census Tract 508.13, Dallas County, Iowa",840,189,23%
19049050814,"Census Tract 508.14, Dallas County, Iowa",1852,159,9%
19049050815,"Census Tract 508.15, Dallas County, Iowa",1825,213,12%
19049050816,"Census Tract 508.16, Dallas County, Iowa",2264,171,8%
19049050817,"Census Tract 508.17, Dallas County, Iowa",2948,444,15%
19049050818,"Census Tract 508.18, Dallas County, Iowa",1334,94,7%
19049050901,"Census Tract 509.01, Dallas County, Iowa",739,175,24%
19049050902,"Census Tract 509.02, Dallas County, Iowa",1429,234,16%
19051080100,"Census Tract 801, Davis County, Iowa",571,114,20%
19051080200,"Census Tract 802, Davis County, Iowa",477,70,15%
19053960100,"Census Tract 9601, Decatur County, Iowa",247,46,19%
19053960200,"Census Tract 9602, Decatur County, Iowa",804,276,34%
19053960300,"Census Tract 9603, Decatur County, Iowa",231,73,32%
19055950100,"Census Tract 9501, Delaware County, Iowa",319,85,27%
19055950200,"Census Tract 9502, Delaware County, Iowa",479,131,27%
19055950300,"Census Tract 9503, Delaware County, Iowa",669,172,26%
19055950400,"Census Tract 9504, Delaware County, Iowa",586,97,17%
19057000200,"Census Tract 2, Des Moines County, Iowa",238,24,10%
19057000300,"Census Tract 3, Des Moines County, Iowa",297,67,23%
19057000400,"Census Tract 4, Des Moines County, Iowa",217,27,12%
19057000500,"Census Tract 5, Des Moines County, Iowa",434,184,42%
19057000600,"Census Tract 6, Des Moines County, Iowa",649,140,22%
19057000700,"Census Tract 7, Des Moines County, Iowa",761,216,28%
19057000800,"Census Tract 8, Des Moines County, Iowa",400,75,19%
19057000900,"Census Tract 9, Des Moines County, Iowa",573,123,21%
19057001000,"Census Tract 10, Des Moines County, Iowa",873,186,21%
19057001100,"Census Tract 11, Des Moines County, Iowa",523,168,32%
19057001200,"Census Tract 12, Des Moines County, Iowa",471,82,17%
19059450200,"Census Tract 4502, Dickinson County, Iowa",415,83,20%
19059450501,"Census Tract 4505.01, Dickinson County, Iowa",555,112,20%
19059450502,"Census Tract 4505.02, Dickinson County, Iowa",602,203,34%
19059450800,"Census Tract 4508, Dickinson County, Iowa",605,147,24%
19059451000,"Census Tract 4510, Dickinson County, Iowa",725,79,11%
19059451100,"Census Tract 4511, Dickinson County, Iowa",1236,290,23%
19061000100,"Census Tract 1, Dubuque County, Iowa",353,8,2%
19061000300,"Census Tract 3, Dubuque County, Iowa",195,46,24%
19061000400,"Census Tract 4, Dubuque County, Iowa",543,222,41%
19061000500,"Census Tract 5, Dubuque County, Iowa",147,39,27%
19061000600,"Census Tract 6, Dubuque County, Iowa",639,126,20%
19061000701,"Census Tract 7.01, Dubuque County, Iowa",400,85,21%
19061000702,"Census Tract 7.02, Dubuque County, Iowa",864,62,7%
19061000801,"Census Tract 8.01, Dubuque County, Iowa",1483,370,25%
19061000802,"Census Tract 8.02, Dubuque County, Iowa",1137,240,21%
19061000900,"Census Tract 9, Dubuque County, Iowa",738,127,17%
19061001101,"Census Tract 11.01, Dubuque County, Iowa",838,143,17%
19061001103,"Census Tract 11.03, Dubuque County, Iowa",1004,69,7%
19061001104,"Census Tract 11.04, Dubuque County, Iowa",1220,260,21%
19061001201,"Census Tract 12.01, Dubuque County, Iowa",883,292,33%
19061001202,"Census Tract 12.02, Dubuque County, Iowa",372,93,25%
19061001204,"Census Tract 12.04, Dubuque County, Iowa",787,137,17%
19061001205,"Census Tract 12.05, Dubuque County, Iowa",986,182,18%
19061010101,"Census Tract 101.01, Dubuque County, Iowa",380,42,11%
19061010103,"Census Tract 101.03, Dubuque County, Iowa",426,53,12%
19061010104,"Census Tract 101.04, Dubuque County, Iowa",1720,298,17%
19061010105,"Census Tract 101.05, Dubuque County, Iowa",843,104,12%
19061010201,"Census Tract 102.01, Dubuque County, Iowa",1629,255,16%
19061010202,"Census Tract 102.02, Dubuque County, Iowa",621,191,31%
19061010300,"Census Tract 103, Dubuque County, Iowa",444,72,16%
19061010400,"Census Tract 104, Dubuque County, Iowa",489,182,37%
19061010500,"Census Tract 105, Dubuque County, Iowa",727,178,24%
19061010600,"Census Tract 106, Dubuque County, Iowa",587,84,14%
19063070100,"Census Tract 701, Emmet County, Iowa",152,28,18%
19063070200,"Census Tract 702, Emmet County, Iowa",225,77,34%
19063070300,"Census Tract 703, Emmet County, Iowa",350,50,14%
19063070400,"Census Tract 704, Emmet County, Iowa",476,184,39%
19065080100,"Census Tract 801, Fayette County, Iowa",457,142,31%
19065080200,"Census Tract 802, Fayette County, Iowa",412,103,25%
19065080300,"Census Tract 803, Fayette County, Iowa",279,45,16%
19065080400,"Census Tract 804, Fayette County, Iowa",257,112,44%
19065080500,"Census Tract 805, Fayette County, Iowa",424,129,30%
19065080600,"Census Tract 806, Fayette County, Iowa",340,87,26%
19065080700,"Census Tract 807, Fayette County, Iowa",320,107,33%
19067480100,"Census Tract 4801, Floyd County, Iowa",297,56,19%
19067480200,"Census Tract 4802, Floyd County, Iowa",358,72,20%
19067480300,"Census Tract 4803, Floyd County, Iowa",283,57,20%
19067480400,"Census Tract 4804, Floyd County, Iowa",351,94,27%
19067480500,"Census Tract 4805, Floyd County, Iowa",844,246,29%
19069360100,"Census Tract 3601, Franklin County, Iowa",391,123,31%
19069360200,"Census Tract 3602, Franklin County, Iowa",641,179,28%
19069360300,"Census Tract 3603, Franklin County, Iowa",290,74,26%
19071970100,"Census Tract 9701, Fremont County, Iowa",309,103,33%
19071970200,"Census Tract 9702, Fremont County, Iowa",440,116,26%
19071970300,"Census Tract 9703, Fremont County, Iowa",192,46,24%
19073080100,"Census Tract 801, Greene County, Iowa",153,19,12%
19073080200,"Census Tract 802, Greene County, Iowa",274,77,28%
19073080300,"Census Tract 803, Greene County, Iowa",568,140,25%
19073080500,"Census Tract 805, Greene County, Iowa",251,53,21%
19075960100,"Census Tract 9601, Grundy County, Iowa",967,230,24%
19075960200,"Census Tract 9602, Grundy County, Iowa",405,84,21%
19075960300,"Census Tract 9603, Grundy County, Iowa",576,233,40%
19075960400,"Census Tract 9604, Grundy County, Iowa",398,123,31%
19077950100,"Census Tract 9501, Guthrie County, Iowa",659,98,15%
19077950200,"Census Tract 9502, Guthrie County, Iowa",186,55,30%
19077950300,"Census Tract 9503, Guthrie County, Iowa",677,135,20%
19079960100,"Census Tract 9601, Hamilton County, Iowa",342,134,39%
19079960200,"Census Tract 9602, Hamilton County, Iowa",659,144,22%
19079960300,"Census Tract 9603, Hamilton County, Iowa",459,108,24%
19079960400,"Census Tract 9604, Hamilton County, Iowa",831,246,30%
19079960500,"Census Tract 9605, Hamilton County, Iowa",235,36,15%
19081270100,"Census Tract 2701, Hancock County, Iowa",744,186,25%
19081270200,"Census Tract 2702, Hancock County, Iowa",300,110,37%
19081270300,"Census Tract 2703, Hancock County, Iowa",334,137,41%
19081270400,"Census Tract 2704, Hancock County, Iowa",311,71,23%
19083480100,"Census Tract 4801, Hardin County, Iowa",376,96,26%
19083480200,"Census Tract 4802, Hardin County, Iowa",355,83,23%
19083480300,"Census Tract 4803, Hardin County, Iowa",493,138,28%
19083480400,"Census Tract 4804, Hardin County, Iowa",453,90,20%
19083480500,"Census Tract 4805, Hardin County, Iowa",521,197,38%
19083480600,"Census Tract 4806, Hardin County, Iowa",392,84,21%
19085290100,"Census Tract 2901, Harrison County, Iowa",267,58,22%
19085290200,"Census Tract 2902, Harrison County, Iowa",393,122,31%
19085290300,"Census Tract 2903, Harrison County, Iowa",450,105,23%
19085290400,"Census Tract 2904, Harrison County, Iowa",372,124,33%
19085290500,"Census Tract 2905, Harrison County, Iowa",406,86,21%
19087970100,"Census Tract 9701, Henry County, Iowa",645,202,31%
19087970200,"Census Tract 9702, Henry County, Iowa",421,70,17%
19087970300,"Census Tract 9703, Henry County, Iowa",668,140,21%
19087970400,"Census Tract 9704, Henry County, Iowa",857,174,20%
19087970500,"Census Tract 9705, Henry County, Iowa",469,166,35%
19089960100,"Census Tract 9601, Howard County, Iowa",610,166,27%
19089960200,"Census Tract 9602, Howard County, Iowa",274,46,17%
19089960300,"Census Tract 9603, Howard County, Iowa",278,93,33%
19091970100,"Census Tract 9701, Humboldt County, Iowa",201,30,15%
19091970200,"Census Tract 9702, Humboldt County, Iowa",234,44,19%
19091970300,"Census Tract 9703, Humboldt County, Iowa",325,115,35%
19091970400,"Census Tract 9704, Humboldt County, Iowa",576,153,27%
19093090100,"Census Tract 901, Ida County, Iowa",329,91,28%
19093090200,"Census Tract 902, Ida County, Iowa",219,68,31%
19093090300,"Census Tract 903, Ida County, Iowa",280,42,15%
19095960100,"Census Tract 9601, Iowa County, Iowa",857,104,12%
19095960200,"Census Tract 9602, Iowa County, Iowa",319,70,22%
19095960300,"Census Tract 9603, Iowa County, Iowa",340,75,22%
19095960400,"Census Tract 9604, Iowa County, Iowa",956,228,24%
19097950100,"Census Tract 9501, Jackson County, Iowa",247,51,21%
19097950200,"Census Tract 9502, Jackson County, Iowa",629,90,14%
19097950300,"Census Tract 9503, Jackson County, Iowa",493,92,19%
19097950400,"Census Tract 9504, Jackson County, Iowa",673,175,26%
19097950500,"Census Tract 9505, Jackson County, Iowa",512,134,26%
19097950600,"Census Tract 9506, Jackson County, Iowa",119,17,14%
19099040100,"Census Tract 401, Jasper County, Iowa",565,116,21%
19099040200,"Census Tract 402, Jasper County, Iowa",645,144,22%
19099040300,"Census Tract 403, Jasper County, Iowa",349,106,30%
19099040400,"Census Tract 404, Jasper County, Iowa",631,149,24%
19099040500,"Census Tract 405, Jasper County, Iowa",158,48,30%
19099040600,"Census Tract 406, Jasper County, Iowa",638,130,20%
19099040700,"Census Tract 407, Jasper County, Iowa",913,189,21%
19099040800,"Census Tract 408, Jasper County, Iowa",630,111,18%
19099040900,"Census Tract 409, Jasper County, Iowa",452,118,26%
19099980000,"Census Tract 9800, Jasper County, Iowa",30,6,20%
19101090100,"Census Tract 901, Jefferson County, Iowa",447,102,23%
19101090200,"Census Tract 902, Jefferson County, Iowa",700,158,23%
19101090301,"Census Tract 903.01, Jefferson County, Iowa",636,72,11%
19101090302,"Census Tract 903.02, Jefferson County, Iowa",654,49,7%
19101090400,"Census Tract 904, Jefferson County, Iowa",2381,503,21%
19103000100,"Census Tract 1, Johnson County, Iowa",3263,476,15%
19103000200,"Census Tract 2, Johnson County, Iowa",1211,95,8%
19103000303,"Census Tract 3.03, Johnson County, Iowa",653,88,13%
19103000304,"Census Tract 3.04, Johnson County, Iowa",974,108,11%
19103000305,"Census Tract 3.05, Johnson County, Iowa",1842,260,14%
19103000306,"Census Tract 3.06, Johnson County, Iowa",2034,284,14%
19103000307,"Census Tract 3.07, Johnson County, Iowa",1101,94,9%
19103000401,"Census Tract 4.01, Johnson County, Iowa",958,117,12%
19103000402,"Census Tract 4.02, Johnson County, Iowa",2273,150,7%
19103000501,"Census Tract 5.01, Johnson County, Iowa",2017,177,9%
19103000502,"Census Tract 5.02, Johnson County, Iowa",1349,57,4%
19103000600,"Census Tract 6, Johnson County, Iowa",1232,82,7%
19103001100,"Census Tract 11, Johnson County, Iowa",884,45,5%
19103001200,"Census Tract 12, Johnson County, Iowa",1154,82,7%
19103001300,"Census Tract 13, Johnson County, Iowa",1568,204,13%
19103001400,"Census Tract 14, Johnson County, Iowa",1760,301,17%
19103001500,"Census Tract 15, Johnson County, Iowa",1106,140,13%
19103001601,"Census Tract 16.01, Johnson County, Iowa",259,17,7%
19103001602,"Census Tract 16.02, Johnson County, Iowa",697,0,0%
19103001700,"Census Tract 17, Johnson County, Iowa",1152,59,5%
19103001801,"Census Tract 18.01, Johnson County, Iowa",1248,145,12%
19103001802,"Census Tract 18.02, Johnson County, Iowa",793,89,11%
19103002100,"Census Tract 21, Johnson County, Iowa",231,86,37%
19103002300,"Census Tract 23, Johnson County, Iowa",1202,76,6%
19103010100,"Census Tract 101, Johnson County, Iowa",2343,298,13%
19103010200,"Census Tract 102, Johnson County, Iowa",1621,168,10%
19103010303,"Census Tract 103.03, Johnson County, Iowa",1150,120,10%
19103010304,"Census Tract 103.04, Johnson County, Iowa",1883,295,16%
19103010305,"Census Tract 103.05, Johnson County, Iowa",2044,216,11%
19103010306,"Census Tract 103.06, Johnson County, Iowa",1023,63,6%
19103010307,"Census Tract 103.07, Johnson County, Iowa",1785,352,20%
19103010308,"Census Tract 103.08, Johnson County, Iowa",2131,173,8%
19103010401,"Census Tract 104.01, Johnson County, Iowa",404,36,9%
19103010402,"Census Tract 104.02, Johnson County, Iowa",455,85,19%
19103010501,"Census Tract 105.01, Johnson County, Iowa",2322,360,16%
19103010502,"Census Tract 105.02, Johnson County, Iowa",372,55,15%
19105070100,"Census Tract 701, Jones County, Iowa",682,100,15%
19105070301,"Census Tract 703.01, Jones County, Iowa",252,55,22%
19105070302,"Census Tract 703.02, Jones County, Iowa",267,67,25%
19105070401,"Census Tract 704.01, Jones County, Iowa",370,103,28%
19105070402,"Census Tract 704.02, Jones County, Iowa",333,64,19%
19105070500,"Census Tract 705, Jones County, Iowa",286,147,51%
19105070600,"Census Tract 706, Jones County, Iowa",743,215,29%
19107080100,"Census Tract 801, Keokuk County, Iowa",385,96,25%
19107080200,"Census Tract 802, Keokuk County, Iowa",220,75,34%
19107080300,"Census Tract 803, Keokuk County, Iowa",379,123,32%
19107080400,"Census Tract 804, Keokuk County, Iowa",330,29,9%
19109950100,"Census Tract 9501, Kossuth County, Iowa",202,47,23%
19109950200,"Census Tract 9502, Kossuth County, Iowa",250,35,14%
19109950300,"Census Tract 9503, Kossuth County, Iowa",269,63,23%
19109950400,"Census Tract 9504, Kossuth County, Iowa",374,69,18%
19109950500,"Census Tract 9505, Kossuth County, Iowa",497,135,27%
19109950600,"Census Tract 9506, Kossuth County, Iowa",313,56,18%
19111490100,"Census Tract 4901, Lee County, Iowa",482,110,23%
19111490200,"Census Tract 4902, Lee County, Iowa",494,83,17%
19111490300,"Census Tract 4903, Lee County, Iowa",428,154,36%
19111490400,"Census Tract 4904, Lee County, Iowa",538,144,27%
19111490500,"Census Tract 4905, Lee County, Iowa",493,94,19%
19111490600,"Census Tract 4906, Lee County, Iowa",431,129,30%
19111490700,"Census Tract 4907, Lee County, Iowa",628,194,31%
19111490800,"Census Tract 4908, Lee County, Iowa",119,63,53%
19111490900,"Census Tract 4909, Lee County, Iowa",269,72,27%
19111491000,"Census Tract 4910, Lee County, Iowa",170,22,13%
19111491100,"Census Tract 4911, Lee County, Iowa",408,44,11%
19113000101,"Census Tract 1.01, Linn County, Iowa",2040,433,21%
19113000102,"Census Tract 1.02, Linn County, Iowa",1490,210,14%
19113000103,"Census Tract 1.03, Linn County, Iowa",704,294,42%
19113000201,"Census Tract 2.01, Linn County, Iowa",693,100,14%
19113000205,"Census Tract 2.05, Linn County, Iowa",1972,215,11%
19113000208,"Census Tract 2.08, Linn County, Iowa",1276,112,9%
19113000209,"Census Tract 2.09, Linn County, Iowa",1767,161,9%
19113000210,"Census Tract 2.10, Linn County, Iowa",1481,138,9%
19113000211,"Census Tract 2.11, Linn County, Iowa",2040,404,20%
19113000212,"Census Tract 2.12, Linn County, Iowa",515,40,8%
19113000213,"Census Tract 2.13, Linn County, Iowa",717,17,2%
19113000300,"Census Tract 3, Linn County, Iowa",1489,155,10%
19113000400,"Census Tract 4, Linn County, Iowa",1106,213,19%
19113000500,"Census Tract 5, Linn County, Iowa",1288,208,16%
19113000600,"Census Tract 6, Linn County, Iowa",766,64,8%
19113000700,"Census Tract 7, Linn County, Iowa",384,33,9%
19113000800,"Census Tract 8, Linn County, Iowa",883,148,17%
19113000901,"Census Tract 9.01, Linn County, Iowa",1464,146,10%
19113000902,"Census Tract 9.02, Linn County, Iowa",2923,364,12%
19113001001,"Census Tract 10.01, Linn County, Iowa",1303,68,5%
19113001002,"Census Tract 10.02, Linn County, Iowa",614,80,13%
19113001004,"Census Tract 10.04, Linn County, Iowa",299,35,12%
19113001005,"Census Tract 10.05, Linn County, Iowa",397,107,27%
19113001101,"Census Tract 11.01, Linn County, Iowa",856,160,19%
19113001102,"Census Tract 11.02, Linn County, Iowa",802,141,18%
19113001200,"Census Tract 12, Linn County, Iowa",163,29,18%
19113001300,"Census Tract 13, Linn County, Iowa",790,110,14%
19113001400,"Census Tract 14, Linn County, Iowa",799,44,6%
19113001500,"Census Tract 15, Linn County, Iowa",1135,221,19%
19113001600,"Census Tract 16, Linn County, Iowa",1599,149,9%
19113001700,"Census Tract 17, Linn County, Iowa",1800,225,13%
19113001800,"Census Tract 18, Linn County, Iowa",807,145,18%
19113001900,"Census Tract 19, Linn County, Iowa",178,8,4%
19113002200,"Census Tract 22, Linn County, Iowa",172,32,19%
19113002300,"Census Tract 23, Linn County, Iowa",810,95,12%
19113002400,"Census Tract 24, Linn County, Iowa",425,63,15%
19113002500,"Census Tract 25, Linn County, Iowa",327,15,5%
19113002600,"Census Tract 26, Linn County, Iowa",329,7,2%
19113002700,"Census Tract 27, Linn County, Iowa",414,16,4%
19113002800,"Census Tract 28, Linn County, Iowa",865,169,20%
19113002900,"Census Tract 29, Linn County, Iowa",586,25,4%
19113003003,"Census Tract 30.03, Linn County, Iowa",753,34,5%
19113003004,"Census Tract 30.04, Linn County, Iowa",512,88,17%
19113003005,"Census Tract 30.05, Linn County, Iowa",1182,67,6%
19113003006,"Census Tract 30.06, Linn County, Iowa",994,115,12%
19113010100,"Census Tract 101, Linn County, Iowa",454,130,29%
19113010200,"Census Tract 102, Linn County, Iowa",777,205,26%
19113010300,"Census Tract 103, Linn County, Iowa",528,100,19%
19113010400,"Census Tract 104, Linn County, Iowa",523,104,20%
19113010500,"Census Tract 105, Linn County, Iowa",951,176,19%
19113010600,"Census Tract 106, Linn County, Iowa",1507,198,13%
19113010700,"Census Tract 107, Linn County, Iowa",1776,301,17%
19113010801,"Census Tract 108.01, Linn County, Iowa",252,33,13%
19113010802,"Census Tract 108.02, Linn County, Iowa",1338,249,19%
19115450100,"Census Tract 4501, Louisa County, Iowa",299,84,28%
19115450200,"Census Tract 4502, Louisa County, Iowa",574,142,25%
19115450300,"Census Tract 4503, Louisa County, Iowa",438,159,36%
19117950100,"Census Tract 9501, Lucas County, Iowa",227,83,37%
19117950200,"Census Tract 9502, Lucas County, Iowa",345,93,27%
19117950300,"Census Tract 9503, Lucas County, Iowa",185,45,24%
19117950400,"Census Tract 9504, Lucas County, Iowa",234,63,27%
19119950100,"Census Tract 9501, Lyon County, Iowa",258,84,33%
19119950200,"Census Tract 9502, Lyon County, Iowa",446,143,32%
19119950300,"Census Tract 9503, Lyon County, Iowa",765,263,34%
19121060101,"Census Tract 601.01, Madison County, Iowa",768,121,16%
19121060102,"Census Tract 601.02, Madison County, Iowa",511,134,26%
19121060200,"Census Tract 602, Madison County, Iowa",848,292,34%
19121060300,"Census Tract 603, Madison County, Iowa",678,112,17%
19123950100,"Census Tract 9501, Mahaska County, Iowa",361,142,39%
19123950200,"Census Tract 9502, Mahaska County, Iowa",464,123,27%
19123950300,"Census Tract 9503, Mahaska County, Iowa",487,132,27%
19123950400,"Census Tract 9504, Mahaska County, Iowa",687,167,24%
19123950500,"Census Tract 9505, Mahaska County, Iowa",495,87,18%
19123950600,"Census Tract 9506, Mahaska County, Iowa",430,93,22%
19123950700,"Census Tract 9507, Mahaska County, Iowa",242,48,20%
19125030101,"Census Tract 301.01, Marion County, Iowa",1372,280,20%
19125030102,"Census Tract 301.02, Marion County, Iowa",449,115,26%
19125030201,"Census Tract 302.01, Marion County, Iowa",1261,241,19%
19125030202,"Census Tract 302.02, Marion County, Iowa",753,137,18%
19125030300,"Census Tract 303, Marion County, Iowa",615,139,23%
19125030401,"Census Tract 304.01, Marion County, Iowa",754,148,20%
19125030402,"Census Tract 304.02, Marion County, Iowa",753,161,21%
19125030500,"Census Tract 305, Marion County, Iowa",115,45,39%
19125030600,"Census Tract 306, Marion County, Iowa",467,62,13%
19125030700,"Census Tract 307, Marion County, Iowa",245,21,9%
19127950100,"Census Tract 9501, Marshall County, Iowa",334,57,17%
19127950200,"Census Tract 9502, Marshall County, Iowa",604,150,25%
19127950300,"Census Tract 9503, Marshall County, Iowa",475,92,19%
19127950400,"Census Tract 9504, Marshall County, Iowa",426,100,23%
19127950500,"Census Tract 9505, Marshall County, Iowa",138,0,0%
19127950600,"Census Tract 9506, Marshall County, Iowa",299,59,20%
19127950700,"Census Tract 9507, Marshall County, Iowa",831,191,23%
19127950801,"Census Tract 9508.01, Marshall County, Iowa",683,84,12%
19127950802,"Census Tract 9508.02, Marshall County, Iowa",744,152,20%
19127950900,"Census Tract 9509, Marshall County, Iowa",248,19,8%
19127951000,"Census Tract 9510, Marshall County, Iowa",696,164,24%
19129040100,"Census Tract 401, Mills County, Iowa",432,77,18%
19129040201,"Census Tract 402.01, Mills County, Iowa",310,80,26%
19129040202,"Census Tract 402.02, Mills County, Iowa",919,178,19%
19129040301,"Census Tract 403.01, Mills County, Iowa",323,124,38%
19129040302,"Census Tract 403.02, Mills County, Iowa",731,154,21%
19131560100,"Census Tract 5601, Mitchell County, Iowa",400,90,23%
19131560200,"Census Tract 5602, Mitchell County, Iowa",590,136,23%
19131560300,"Census Tract 5603, Mitchell County, Iowa",616,145,24%
19133960100,"Census Tract 9601, Monona County, Iowa",264,100,38%
19133960200,"Census Tract 9602, Monona County, Iowa",315,69,22%
19133960300,"Census Tract 9603, Monona County, Iowa",213,66,31%
19133960400,"Census Tract 9604, Monona County, Iowa",196,31,16%
19135070100,"Census Tract 701, Monroe County, Iowa",565,155,27%
19135070200,"Census Tract 702, Monroe County, Iowa",305,54,18%
19135070300,"Census Tract 703, Monroe County, Iowa",203,60,30%
19137960100,"Census Tract 9601, Montgomery County, Iowa",268,81,30%
19137960200,"Census Tract 9602, Montgomery County, Iowa",370,163,44%
19137960300,"Census Tract 9603, Montgomery County, Iowa",290,76,26%
19137960400,"Census Tract 9604, Montgomery County, Iowa",443,77,17%
19139050100,"Census Tract 501, Muscatine County, Iowa",785,224,29%
19139050200,"Census Tract 502, Muscatine County, Iowa",758,330,44%
19139050300,"Census Tract 503, Muscatine County, Iowa",575,74,13%
19139050400,"Census Tract 504, Muscatine County, Iowa",441,131,30%
19139050500,"Census Tract 505, Muscatine County, Iowa",727,82,11%
19139050600,"Census Tract 506, Muscatine County, Iowa",1679,378,23%
19139050700,"Census Tract 507, Muscatine County, Iowa",689,18,3%
19139050800,"Census Tract 508, Muscatine County, Iowa",211,22,10%
19139050900,"Census Tract 509, Muscatine County, Iowa",208,84,40%
19139051000,"Census Tract 510, Muscatine County, Iowa",122,39,32%
19141490100,"Census Tract 4901, O'Brien County, Iowa",386,144,37%
19141490200,"Census Tract 4902, O'Brien County, Iowa",579,135,23%
19141490300,"Census Tract 4903, O'Brien County, Iowa",798,246,31%
19141490400,"Census Tract 4904, O'Brien County, Iowa",308,113,37%
19143460100,"Census Tract 4601, Osceola County, Iowa",326,82,25%
19143460200,"Census Tract 4602, Osceola County, Iowa",310,78,25%
19145490100,"Census Tract 4901, Page County, Iowa",383,161,42%
19145490200,"Census Tract 4902, Page County, Iowa",322,134,42%
19145490300,"Census Tract 4903, Page County, Iowa",585,217,37%
19145490400,"Census Tract 4904, Page County, Iowa",392,113,29%
19145490500,"Census Tract 4905, Page County, Iowa",265,85,32%
19145490600,"Census Tract 4906, Page County, Iowa",321,68,21%
19147960100,"Census Tract 9601, Palo Alto County, Iowa",289,80,28%
19147960200,"Census Tract 9602, Palo Alto County, Iowa",237,41,17%
19147960300,"Census Tract 9603, Palo Alto County, Iowa",680,232,34%
19147960400,"Census Tract 9604, Palo Alto County, Iowa",325,82,25%
19149970100,"Census Tract 9701, Plymouth County, Iowa",1202,313,26%
19149970200,"Census Tract 9702, Plymouth County, Iowa",330,35,11%
19149970300,"Census Tract 9703, Plymouth County, Iowa",525,92,18%
19149970400,"Census Tract 9704, Plymouth County, Iowa",366,92,25%
19149970500,"Census Tract 9705, Plymouth County, Iowa",553,101,18%
19149970600,"Census Tract 9706, Plymouth County, Iowa",805,156,19%
19151780100,"Census Tract 7801, Pocahontas County, Iowa",189,55,29%
19151780200,"Census Tract 7802, Pocahontas County, Iowa",326,96,29%
19151780300,"Census Tract 7803, Pocahontas County, Iowa",241,55,23%
19153000101,"Census Tract 1.01, Polk County, Iowa",289,0,0%
19153000102,"Census Tract 1.02, Polk County, Iowa",427,20,5%
19153000103,"Census Tract 1.03, Polk County, Iowa",212,20,9%
19153000201,"Census Tract 2.01, Polk County, Iowa",342,22,6%
19153000202,"Census Tract 2.02, Polk County, Iowa",427,119,28%
19153000300,"Census Tract 3, Polk County, Iowa",253,17,7%
19153000400,"Census Tract 4, Polk County, Iowa",413,90,22%
19153000500,"Census Tract 5, Polk County, Iowa",406,27,7%
19153000600,"Census Tract 6, Polk County, Iowa",622,267,43%
19153000701,"Census Tract 7.01, Polk County, Iowa",428,43,10%
19153000702,"Census Tract 7.02, Polk County, Iowa",826,142,17%
19153000703,"Census Tract 7.03, Polk County, Iowa",1075,93,9%
19153000704,"Census Tract 7.04, Polk County, Iowa",824,194,24%
19153000801,"Census Tract 8.01, Polk County, Iowa",1168,211,18%
19153000802,"Census Tract 8.02, Polk County, Iowa",1208,281,23%
19153000803,"Census Tract 8.03, Polk County, Iowa",651,155,24%
19153000901,"Census Tract 9.01, Polk County, Iowa",749,48,6%
19153000902,"Census Tract 9.02, Polk County, Iowa",1361,204,15%
19153001000,"Census Tract 10, Polk County, Iowa",1685,130,8%
19153001100,"Census Tract 11, Polk County, Iowa",240,13,5%
19153001200,"Census Tract 12, Polk County, Iowa",224,14,6%
19153001500,"Census Tract 15, Polk County, Iowa",297,58,20%
19153001700,"Census Tract 17, Polk County, Iowa",172,36,21%
19153001800,"Census Tract 18, Polk County, Iowa",155,16,10%
19153001900,"Census Tract 19, Polk County, Iowa",417,36,9%
19153002100,"Census Tract 21, Polk County, Iowa",385,150,39%
19153002600,"Census Tract 26, Polk County, Iowa",365,28,8%
19153002700,"Census Tract 27, Polk County, Iowa",1301,40,3%
19153002800,"Census Tract 28, Polk County, Iowa",1315,141,11%
19153002900,"Census Tract 29, Polk County, Iowa",1503,264,18%
19153003001,"Census Tract 30.01, Polk County, Iowa",859,47,5%
19153003002,"Census Tract 30.02, Polk County, Iowa",1978,156,8%
19153003100,"Census Tract 31, Polk County, Iowa",1041,91,9%
19153003200,"Census Tract 32, Polk County, Iowa",1466,141,10%
19153003901,"Census Tract 39.01, Polk County, Iowa",231,38,16%
19153003902,"Census Tract 39.02, Polk County, Iowa",787,43,5%
19153004001,"Census Tract 40.01, Polk County, Iowa",842,66,8%
19153004004,"Census Tract 40.04, Polk County, Iowa",875,97,11%
19153004100,"Census Tract 41, Polk County, Iowa",793,78,10%
19153004200,"Census Tract 42, Polk County, Iowa",423,51,12%
19153004300,"Census Tract 43, Polk County, Iowa",822,111,14%
19153004400,"Census Tract 44, Polk County, Iowa",276,44,16%
19153004501,"Census Tract 45.01, Polk County, Iowa",373,37,10%
19153004502,"Census Tract 45.02, Polk County, Iowa",261,58,22%
19153004602,"Census Tract 46.02, Polk County, Iowa",525,41,8%
19153004603,"Census Tract 46.03, Polk County, Iowa",517,66,13%
19153004701,"Census Tract 47.01, Polk County, Iowa",419,123,29%
19153004702,"Census Tract 47.02, Polk County, Iowa",207,35,17%
19153004800,"Census Tract 48, Polk County, Iowa",187,24,13%
19153004900,"Census Tract 49, Polk County, Iowa",122,7,6%
19153005000,"Census Tract 50, Polk County, Iowa",131,45,34%
19153005101,"Census Tract 51.01, Polk County, Iowa",3126,48,2%
19153005102,"Census Tract 51.02, Polk County, Iowa",427,38,9%
19153005200,"Census Tract 52, Polk County, Iowa",95,5,5%
19153005300,"Census Tract 53, Polk County, Iowa",208,14,7%
19153010101,"Census Tract 101.01, Polk County, Iowa",1767,267,15%
19153010102,"Census Tract 101.02, Polk County, Iowa",2708,318,12%
19153010205,"Census Tract 102.05, Polk County, Iowa",2353,368,16%
19153010207,"Census Tract 102.07, Polk County, Iowa",1258,233,19%
19153010208,"Census Tract 102.08, Polk County, Iowa",1148,156,14%
19153010209,"Census Tract 102.09, Polk County, Iowa",1765,158,9%
19153010211,"Census Tract 102.11, Polk County, Iowa",1455,256,18%
19153010212,"Census Tract 102.12, Polk County, Iowa",1173,183,16%
19153010213,"Census Tract 102.13, Polk County, Iowa",1646,102,6%
19153010214,"Census Tract 102.14, Polk County, Iowa",2828,359,13%
19153010215,"Census Tract 102.15, Polk County, Iowa",2497,180,7%
19153010216,"Census Tract 102.16, Polk County, Iowa",5617,732,13%
19153010404,"Census Tract 104.04, Polk County, Iowa",1542,349,23%
19153010406,"Census Tract 104.06, Polk County, Iowa",1058,136,13%
19153010407,"Census Tract 104.07, Polk County, Iowa",1984,284,14%
19153010408,"Census Tract 104.08, Polk County, Iowa",828,122,15%
19153010409,"Census Tract 104.09, Polk County, Iowa",1072,165,15%
19153010410,"Census Tract 104.10, Polk County, Iowa",649,168,26%
19153010411,"Census Tract 104.11, Polk County, Iowa",1254,136,11%
19153010500,"Census Tract 105, Polk County, Iowa",812,191,24%
19153010601,"Census Tract 106.01, Polk County, Iowa",342,64,19%
19153010602,"Census Tract 106.02, Polk County, Iowa",1461,192,13%
19153010702,"Census Tract 107.02, Polk County, Iowa",1006,204,20%
19153010703,"Census Tract 107.03, Polk County, Iowa",956,155,16%
19153010707,"Census Tract 107.07, Polk County, Iowa",393,56,14%
19153010708,"Census Tract 107.08, Polk County, Iowa",1352,350,26%
19153010709,"Census Tract 107.09, Polk County, Iowa",864,154,18%
19153010803,"Census Tract 108.03, Polk County, Iowa",856,141,16%
19153010804,"Census Tract 108.04, Polk County, Iowa",1273,153,12%
19153010805,"Census Tract 108.05, Polk County, Iowa",1413,262,19%
19153010806,"Census Tract 108.06, Polk County, Iowa",462,65,14%
19153011001,"Census Tract 110.01, Polk County, Iowa",484,44,9%
19153011021,"Census Tract 110.21, Polk County, Iowa",1932,242,13%
19153011025,"Census Tract 110.25, Polk County, Iowa",1638,247,15%
19153011026,"Census Tract 110.26, Polk County, Iowa",2873,322,11%
19153011027,"Census Tract 110.27, Polk County, Iowa",2669,171,6%
19153011028,"Census Tract 110.28, Polk County, Iowa",1793,312,17%
19153011111,"Census Tract 111.11, Polk County, Iowa",1482,200,13%
19153011112,"Census Tract 111.12, Polk County, Iowa",1237,164,13%
19153011113,"Census Tract 111.13, Polk County, Iowa",925,111,12%
19153011114,"Census Tract 111.14, Polk County, Iowa",1237,104,8%
19153011201,"Census Tract 112.01, Polk County, Iowa",1459,251,17%
19153011203,"Census Tract 112.03, Polk County, Iowa",2155,463,21%
19153011205,"Census Tract 112.05, Polk County, Iowa",636,15,2%
19153011206,"Census Tract 112.06, Polk County, Iowa",1798,143,8%
19153011301,"Census Tract 113.01, Polk County, Iowa",1062,154,15%
19153011302,"Census Tract 113.02, Polk County, Iowa",637,169,27%
19153011303,"Census Tract 113.03, Polk County, Iowa",1793,285,16%
19153011304,"Census Tract 113.04, Polk County, Iowa",1777,194,11%
19153011305,"Census Tract 113.05, Polk County, Iowa",720,111,15%
19153011405,"Census Tract 114.05, Polk County, Iowa",1262,26,2%
19153011406,"Census Tract 114.06, Polk County, Iowa",2030,399,20%
19153011500,"Census Tract 115, Polk County, Iowa",2255,404,18%
19153011600,"Census Tract 116, Polk County, Iowa",0,0,#DIV/0!
19153011702,"Census Tract 117.02, Polk County, Iowa",1406,203,14%
19153011703,"Census Tract 117.03, Polk County, Iowa",2283,234,10%
19153011704,"Census Tract 117.04, Polk County, Iowa",1110,182,16%
19155021200,"Census Tract 212, Pottawattamie County, Iowa",316,53,17%
19155021400,"Census Tract 214, Pottawattamie County, Iowa",834,85,10%
19155021501,"Census Tract 215.01, Pottawattamie County, Iowa",343,81,24%
19155021502,"Census Tract 215.02, Pottawattamie County, Iowa",371,148,40%
19155021602,"Census Tract 216.02, Pottawattamie County, Iowa",591,118,20%
19155021603,"Census Tract 216.03, Pottawattamie County, Iowa",378,75,20%
19155021701,"Census Tract 217.01, Pottawattamie County, Iowa",397,102,26%
19155021702,"Census Tract 217.02, Pottawattamie County, Iowa",366,123,34%
19155030100,"Census Tract 301, Pottawattamie County, Iowa",967,191,20%
19155030200,"Census Tract 302, Pottawattamie County, Iowa",550,164,30%
19155030300,"Census Tract 303, Pottawattamie County, Iowa",318,26,8%
19155030401,"Census Tract 304.01, Pottawattamie County, Iowa",240,9,4%
19155030402,"Census Tract 304.02, Pottawattamie County, Iowa",456,101,22%
19155030501,"Census Tract 305.01, Pottawattamie County, Iowa",224,63,28%
19155030502,"Census Tract 305.02, Pottawattamie County, Iowa",139,5,4%
19155030601,"Census Tract 306.01, Pottawattamie County, Iowa",109,12,11%
19155030602,"Census Tract 306.02, Pottawattamie County, Iowa",117,0,0%
19155030700,"Census Tract 307, Pottawattamie County, Iowa",97,45,46%
19155030800,"Census Tract 308, Pottawattamie County, Iowa",166,43,26%
19155030900,"Census Tract 309, Pottawattamie County, Iowa",102,6,6%
19155031000,"Census Tract 310, Pottawattamie County, Iowa",448,102,23%
19155031100,"Census Tract 311, Pottawattamie County, Iowa",354,125,35%
19155031200,"Census Tract 312, Pottawattamie County, Iowa",799,220,28%
19155031300,"Census Tract 313, Pottawattamie County, Iowa",306,90,29%
19155031400,"Census Tract 314, Pottawattamie County, Iowa",468,42,9%
19155031601,"Census Tract 316.01, Pottawattamie County, Iowa",1502,299,20%
19155031602,"Census Tract 316.02, Pottawattamie County, Iowa",458,136,30%
19155031700,"Census Tract 317, Pottawattamie County, Iowa",924,109,12%
19155031800,"Census Tract 318, Pottawattamie County, Iowa",621,140,23%
19155031900,"Census Tract 319, Pottawattamie County, Iowa",954,144,15%
19157370100,"Census Tract 3701, Poweshiek County, Iowa",325,90,28%
19157370200,"Census Tract 3702, Poweshiek County, Iowa",579,102,18%
19157370300,"Census Tract 3703, Poweshiek County, Iowa",1162,81,7%
19157370400,"Census Tract 3704, Poweshiek County, Iowa",916,175,19%
19157370500,"Census Tract 3705, Poweshiek County, Iowa",382,80,21%
19159950100,"Census Tract 9501, Ringgold County, Iowa",333,72,22%
19159950200,"Census Tract 9502, Ringgold County, Iowa",319,92,29%
19161080100,"Census Tract 801, Sac County, Iowa",290,78,27%
19161080200,"Census Tract 802, Sac County, Iowa",313,97,31%
19161080300,"Census Tract 803, Sac County, Iowa",291,94,32%
19161080400,"Census Tract 804, Sac County, Iowa",335,88,26%
19163010101,"Census Tract 101.01, Scott County, Iowa",690,130,19%
19163010103,"Census Tract 101.03, Scott County, Iowa",1719,169,10%
19163010104,"Census Tract 101.04, Scott County, Iowa",737,149,20%
19163010201,"Census Tract 102.01, Scott County, Iowa",1456,233,16%
19163010202,"Census Tract 102.02, Scott County, Iowa",1445,228,16%
19163010300,"Census Tract 103, Scott County, Iowa",406,53,13%
19163010401,"Census Tract 104.01, Scott County, Iowa",1090,230,21%
19163010402,"Census Tract 104.02, Scott County, Iowa",740,164,22%
19163010600,"Census Tract 106, Scott County, Iowa",280,20,7%
19163010700,"Census Tract 107, Scott County, Iowa",147,0,0%
19163010800,"Census Tract 108, Scott County, Iowa",176,21,12%
19163010900,"Census Tract 109, Scott County, Iowa",327,37,11%
19163011000,"Census Tract 110, Scott County, Iowa",151,11,7%
19163011100,"Census Tract 111, Scott County, Iowa",414,96,23%
19163011200,"Census Tract 112, Scott County, Iowa",180,13,7%
19163011300,"Census Tract 113, Scott County, Iowa",203,0,0%
19163011400,"Census Tract 114, Scott County, Iowa",210,58,28%
19163011500,"Census Tract 115, Scott County, Iowa",383,61,16%
19163011600,"Census Tract 116, Scott County, Iowa",674,63,9%
19163011700,"Census Tract 117, Scott County, Iowa",843,119,14%
19163011800,"Census Tract 118, Scott County, Iowa",534,124,23%
19163011900,"Census Tract 119, Scott County, Iowa",472,91,19%
19163012000,"Census Tract 120, Scott County, Iowa",579,131,23%
19163012100,"Census Tract 121, Scott County, Iowa",430,65,15%
19163012200,"Census Tract 122, Scott County, Iowa",137,30,22%
19163012300,"Census Tract 123, Scott County, Iowa",23,1,4%
19163012400,"Census Tract 124, Scott County, Iowa",313,41,13%
19163012501,"Census Tract 125.01, Scott County, Iowa",571,77,13%
19163012502,"Census Tract 125.02, Scott County, Iowa",696,164,24%
19163012601,"Census Tract 126.01, Scott County, Iowa",809,176,22%
19163012602,"Census Tract 126.02, Scott County, Iowa",348,58,17%
19163012701,"Census Tract 127.01, Scott County, Iowa",615,142,23%
19163012702,"Census Tract 127.02, Scott County, Iowa",895,217,24%
19163012801,"Census Tract 128.01, Scott County, Iowa",726,163,22%
19163012802,"Census Tract 128.02, Scott County, Iowa",890,136,15%
19163012901,"Census Tract 129.01, Scott County, Iowa",2092,345,16%
19163012902,"Census Tract 129.02, Scott County, Iowa",1952,346,18%
19163013000,"Census Tract 130, Scott County, Iowa",1354,381,28%
19163013100,"Census Tract 131, Scott County, Iowa",984,129,13%
19163013200,"Census Tract 132, Scott County, Iowa",461,78,17%
19163013300,"Census Tract 133, Scott County, Iowa",768,112,15%
19163013400,"Census Tract 134, Scott County, Iowa",638,91,14%
19163013500,"Census Tract 135, Scott County, Iowa",890,165,19%
19163013600,"Census Tract 136, Scott County, Iowa",427,38,9%
19163013702,"Census Tract 137.02, Scott County, Iowa",2222,350,16%
19163013703,"Census Tract 137.03, Scott County, Iowa",1038,201,19%
19163013705,"Census Tract 137.05, Scott County, Iowa",1914,400,21%
19163013706,"Census Tract 137.06, Scott County, Iowa",3262,451,14%
19165960100,"Census Tract 9601, Shelby County, Iowa",495,186,38%
19165960200,"Census Tract 9602, Shelby County, Iowa",327,42,13%
19165960300,"Census Tract 9603, Shelby County, Iowa",606,203,33%
19165960400,"Census Tract 9604, Shelby County, Iowa",308,19,6%
19167070100,"Census Tract 701, Sioux County, Iowa",451,119,26%
19167070200,"Census Tract 702, Sioux County, Iowa",983,204,21%
19167070300,"Census Tract 703, Sioux County, Iowa",552,221,40%
19167070400,"Census Tract 704, Sioux County, Iowa",516,150,29%
19167070500,"Census Tract 705, Sioux County, Iowa",478,101,21%
19167070601,"Census Tract 706.01, Sioux County, Iowa",443,118,27%
19167070602,"Census Tract 706.02, Sioux County, Iowa",906,313,35%
19167070701,"Census Tract 707.01, Sioux County, Iowa",1069,305,29%
19167070702,"Census Tract 707.02, Sioux County, Iowa",732,214,29%
19169000101,"Census Tract 1.01, Story County, Iowa",562,154,27%
19169000102,"Census Tract 1.02, Story County, Iowa",2052,212,10%
19169000103,"Census Tract 1.03, Story County, Iowa",381,52,14%
19169000104,"Census Tract 1.04, Story County, Iowa",988,224,23%
19169000105,"Census Tract 1.05, Story County, Iowa",1560,299,19%
19169000200,"Census Tract 2, Story County, Iowa",1588,203,13%
19169000300,"Census Tract 3, Story County, Iowa",1244,173,14%
19169000400,"Census Tract 4, Story County, Iowa",984,110,11%
19169000500,"Census Tract 5, Story County, Iowa",362,23,6%
19169000600,"Census Tract 6, Story County, Iowa",1750,202,12%
19169000700,"Census Tract 7, Story County, Iowa",576,85,15%
19169000800,"Census Tract 8, Story County, Iowa",21,0,0%
19169000900,"Census Tract 9, Story County, Iowa",1599,186,12%
19169001000,"Census Tract 10, Story County, Iowa",1206,69,6%
19169001101,"Census Tract 11.01, Story County, Iowa",607,126,21%
19169001102,"Census Tract 11.02, Story County, Iowa",125,0,0%
19169001200,"Census Tract 12, Story County, Iowa",42,8,19%
19169001302,"Census Tract 13.02, Story County, Iowa",2238,142,6%
19169001303,"Census Tract 13.03, Story County, Iowa",1519,161,11%
19169001304,"Census Tract 13.04, Story County, Iowa",1109,53,5%
19169010101,"Census Tract 101.01, Story County, Iowa",1207,213,18%
19169010102,"Census Tract 101.02, Story County, Iowa",1236,174,14%
19169010200,"Census Tract 102, Story County, Iowa",691,164,24%
19169010300,"Census Tract 103, Story County, Iowa",1092,151,14%
19169010400,"Census Tract 104, Story County, Iowa",667,76,11%
19169010500,"Census Tract 105, Story County, Iowa",299,58,19%
19169010600,"Census Tract 106, Story County, Iowa",1084,192,18%
19171290100,"Census Tract 2901, Tama County, Iowa",377,141,37%
19171290200,"Census Tract 2902, Tama County, Iowa",398,141,35%
19171290300,"Census Tract 2903, Tama County, Iowa",368,102,28%
19171290400,"Census Tract 2904, Tama County, Iowa",236,74,31%
19171290500,"Census Tract 2905, Tama County, Iowa",214,98,46%
19171290600,"Census Tract 2906, Tama County, Iowa",201,25,12%
19173180100,"Census Tract 1801, Taylor County, Iowa",255,69,27%
19173180200,"Census Tract 1802, Taylor County, Iowa",197,65,33%
19173180300,"Census Tract 1803, Taylor County, Iowa",176,53,30%
19175190100,"Census Tract 1901, Union County, Iowa",331,96,29%
19175190200,"Census Tract 1902, Union County, Iowa",457,82,18%
19175190300,"Census Tract 1903, Union County, Iowa",341,82,24%
19175190400,"Census Tract 1904, Union County, Iowa",764,226,30%
19177950100,"Census Tract 9501, Van Buren County, Iowa",483,91,19%
19177950200,"Census Tract 9502, Van Buren County, Iowa",339,60,18%
19179960100,"Census Tract 9601, Wapello County, Iowa",364,136,37%
19179960200,"Census Tract 9602, Wapello County, Iowa",277,58,21%
19179960300,"Census Tract 9603, Wapello County, Iowa",1192,319,27%
19179960400,"Census Tract 9604, Wapello County, Iowa",540,93,17%
19179960500,"Census Tract 9605, Wapello County, Iowa",277,88,32%
19179960600,"Census Tract 9606, Wapello County, Iowa",235,97,41%
19179960700,"Census Tract 9607, Wapello County, Iowa",472,136,29%
19179960800,"Census Tract 9608, Wapello County, Iowa",618,139,22%
19179960900,"Census Tract 9609, Wapello County, Iowa",152,31,20%
19179961000,"Census Tract 9610, Wapello County, Iowa",225,76,34%
19179961100,"Census Tract 9611, Wapello County, Iowa",376,111,30%
19181020101,"Census Tract 201.01, Warren County, Iowa",199,32,16%
19181020201,"Census Tract 202.01, Warren County, Iowa",1047,174,17%
19181020202,"Census Tract 202.02, Warren County, Iowa",2078,235,11%
19181020300,"Census Tract 203, Warren County, Iowa",880,124,14%
19181020400,"Census Tract 204, Warren County, Iowa",890,242,27%
19181020500,"Census Tract 205, Warren County, Iowa",353,39,11%
19181020600,"Census Tract 206, Warren County, Iowa",873,120,14%
19181020701,"Census Tract 207.01, Warren County, Iowa",130,34,26%
19181020702,"Census Tract 207.02, Warren County, Iowa",1032,271,26%
19181020800,"Census Tract 208, Warren County, Iowa",740,159,21%
19181020900,"Census Tract 209, Warren County, Iowa",541,124,23%
19181021000,"Census Tract 210, Warren County, Iowa",280,49,18%
19181021100,"Census Tract 211, Warren County, Iowa",760,118,16%
19181021200,"Census Tract 212, Warren County, Iowa",720,121,17%
19183960101,"Census Tract 9601.01, Washington County, Iowa",646,66,10%
19183960102,"Census Tract 9601.02, Washington County, Iowa",530,104,20%
19183960200,"Census Tract 9602, Washington County, Iowa",468,96,21%
19183960300,"Census Tract 9603, Washington County, Iowa",411,110,27%
19183960400,"Census Tract 9604, Washington County, Iowa",650,180,28%
19183960500,"Census Tract 9605, Washington County, Iowa",592,42,7%
19185070100,"Census Tract 701, Wayne County, Iowa",261,83,32%
19185070200,"Census Tract 702, Wayne County, Iowa",160,35,22%
19185070300,"Census Tract 703, Wayne County, Iowa",198,66,33%
19187000101,"Census Tract 1.01, Webster County, Iowa",1192,524,44%
19187000102,"Census Tract 1.02, Webster County, Iowa",409,126,31%
19187000200,"Census Tract 2, Webster County, Iowa",648,153,24%
19187000300,"Census Tract 3, Webster County, Iowa",160,43,27%
19187000400,"Census Tract 4, Webster County, Iowa",438,94,21%
19187000500,"Census Tract 5, Webster County, Iowa",151,40,26%
19187000600,"Census Tract 6, Webster County, Iowa",211,29,14%
19187000700,"Census Tract 7, Webster County, Iowa",151,16,11%
19187000900,"Census Tract 9, Webster County, Iowa",316,69,22%
19187010100,"Census Tract 101, Webster County, Iowa",303,62,20%
19187010200,"Census Tract 102, Webster County, Iowa",324,99,31%
19187010300,"Census Tract 103, Webster County, Iowa",492,144,29%
19187010400,"Census Tract 104, Webster County, Iowa",378,55,15%
19189680100,"Census Tract 6801, Winnebago County, Iowa",585,164,28%
19189680200,"Census Tract 6802, Winnebago County, Iowa",464,178,38%
19189680300,"Census Tract 6803, Winnebago County, Iowa",586,157,27%
19191950100,"Census Tract 9501, Winneshiek County, Iowa",493,106,22%
19191950200,"Census Tract 9502, Winneshiek County, Iowa",1304,350,27%
19191950300,"Census Tract 9503, Winneshiek County, Iowa",894,182,20%
19191950400,"Census Tract 9504, Winneshiek County, Iowa",926,221,24%
19191950500,"Census Tract 9505, Winneshiek County, Iowa",325,50,15%
19193000100,"Census Tract 1, Woodbury County, Iowa",227,47,21%
19193000201,"Census Tract 2.01, Woodbury County, Iowa",453,108,24%
19193000202,"Census Tract 2.02, Woodbury County, Iowa",824,280,34%
19193000300,"Census Tract 3, Woodbury County, Iowa",1257,164,13%
19193000400,"Census Tract 4, Woodbury County, Iowa",1444,339,23%
19193000500,"Census Tract 5, Woodbury County, Iowa",442,68,15%
19193000600,"Census Tract 6, Woodbury County, Iowa",95,34,36%
19193000700,"Census Tract 7, Woodbury County, Iowa",400,52,13%
19193000800,"Census Tract 8, Woodbury County, Iowa",421,14,3%
19193000900,"Census Tract 9, Woodbury County, Iowa",480,93,19%
19193001000,"Census Tract 10, Woodbury County, Iowa",204,43,21%
19193001100,"Census Tract 11, Woodbury County, Iowa",169,34,20%
19193001200,"Census Tract 12, Woodbury County, Iowa",102,0,0%
19193001300,"Census Tract 13, Woodbury County, Iowa",65,12,18%
19193001400,"Census Tract 14, Woodbury County, Iowa",191,10,5%
19193001500,"Census Tract 15, Woodbury County, Iowa",38,9,24%
19193001801,"Census Tract 18.01, Woodbury County, Iowa",448,129,29%
19193001802,"Census Tract 18.02, Woodbury County, Iowa",447,39,9%
19193001900,"Census Tract 19, Woodbury County, Iowa",430,59,14%
19193002000,"Census Tract 20, Woodbury County, Iowa",534,66,12%
19193002101,"Census Tract 21.01, Woodbury County, Iowa",642,233,36%
19193002102,"Census Tract 21.02, Woodbury County, Iowa",1548,475,31%
19193003100,"Census Tract 31, Woodbury County, Iowa",513,95,19%
19193003200,"Census Tract 32, Woodbury County, Iowa",917,220,24%
19193003301,"Census Tract 33.01, Woodbury County, Iowa",1292,289,22%
19193003302,"Census Tract 33.02, Woodbury County, Iowa",1178,149,13%
19193003500,"Census Tract 35, Woodbury County, Iowa",504,146,29%
19193003600,"Census Tract 36, Woodbury County, Iowa",276,115,42%
19193940200,"Census Tract 9402, Woodbury County, Iowa",0,0,#DIV/0!
19195690100,"Census Tract 6901, Worth County, Iowa",342,42,12%
19195690200,"Census Tract 6902, Worth County, Iowa",294,83,28%
19195690300,"Census Tract 6903, Worth County, Iowa",335,56,17%
19197680100,"Census Tract 6801, Wright County, Iowa",418,103,25%
19197680200,"Census Tract 6802, Wright County, Iowa",140,31,22%
19197680300,"Census Tract 6803, Wright County, Iowa",339,59,17%
19197680400,"Census Tract 6804, Wright County, Iowa",174,25,14%
19197680500,"Census Tract 6805, Wright County, Iowa",365,121,33%
0400000US19,Iowa,617115,111302,18%
